programming_skills_count,ml_skills_count,sql_proficiency,cloud_skills_count,projects_count,certifications_count,experience_years,education_tier,ats_score,resume_match_score,is_employable
7,0,1,0,3,2,1.4,2,56.6,58.1,0
3,1,5,2,5,3,9.0,2,68.5,70.4,1
7,3,5,0,2,3,4.0,2,67.9,54.3,0
8,5,6,4,1,0,2.7,2,59.3,78.6,1
10,0,8,4,5,3,0.5,2,68.1,65.5,1
6,5,10,4,3,0,0.5,2,48.0,57.8,1
10,2,1,4,4,4,0.2,1,66.6,68.0,1
9,2,4,1,3,2,6.0,3,75.4,63.2,1
6,4,10,2,3,2,2.8,2,54.8,57.4,0
9,1,1,4,4,4,3.7,3,58.3,79.4,1
4,2,9,4,3,1,0.1,2,65.0,58.7,0
8,5,7,3,4,1,10.5,2,80.4,75.1,1
11,1,7,2,4,3,5.4,3,75.9,69.3,1
4,2,5,0,5,0,0.7,3,65.7,35.3,0
2,4,7,2,5,2,0.6,2,53.7,43.7,0
10,3,2,2,4,3,0.6,2,75.9,52.0,1
11,4,4,2,1,4,1.1,3,70.8,60.2,1
9,0,7,4,2,2,2.2,2,55.5,67.3,1
5,2,3,4,1,0,1.7,2,53.8,66.9,0
4,0,2,1,4,0,1.0,3,65.7,44.4,0
2,0,10,0,2,1,2.8,2,42.7,47.2,0
1,5,2,3,5,3,0.5,1,44.5,45.1,0
11,1,1,2,2,4,1.0,1,60.9,63.0,0
7,5,5,0,4,2,1.4,2,67.8,46.9,0
6,2,6,0,5,0,1.8,2,65.1,40.1,0
2,0,6,1,2,2,4.6,2,39.7,63.6,0
8,3,9,3,2,4,0.7,2,60.6,69.5,1
11,0,4,2,1,2,2.2,2,63.4,72.6,1
4,3,1,3,2,3,2.7,2,52.2,46.2,0
8,5,6,1,4,1,0.1,1,57.8,50.6,0
7,5,5,4,0,2,2.8,3,56.7,59.7,0
5,1,10,0,0,1,0.6,2,53.1,44.4,0
10,0,6,2,0,4,0.2,4,53.5,55.9,0
10,4,3,4,4,1,8.9,2,70.3,80.4,1
8,5,2,1,0,2,10.1,3,65.9,65.4,1
9,5,6,3,1,2,5.0,2,69.3,70.2,1
5,1,1,0,4,0,1.1,1,55.1,45.0,0
10,3,7,2,5,2,0.3,3,61.0,61.1,1
5,1,7,4,4,1,3.5,3,65.8,73.5,1
2,0,10,4,4,0,1.7,2,60.5,57.8,0
5,2,7,0,2,2,0.4,2,51.7,37.7,0
3,2,10,3,2,2,2.1,2,40.0,54.0,0
7,3,1,1,2,4,0.1,3,53.7,46.3,0
10,5,4,3,3,0,7.2,2,76.2,75.7,1
5,3,7,3,1,4,0.9,2,45.0,58.0,0
8,5,9,3,4,4,3.3,2,71.0,71.0,1
1,5,5,0,4,4,1.1,2,43.4,30.4,0
3,2,2,0,2,3,2.2,3,50.1,33.7,0
3,3,7,1,4,4,2.4,2,53.8,45.9,0
9,1,10,3,5,1,0.6,2,71.9,67.1,1
5,5,1,0,4,2,10.5,2,71.6,56.9,0
9,4,7,1,0,3,4.5,2,60.3,69.8,1
9,4,6,1,5,4,8.4,2,75.1,75.6,1
1,1,7,3,5,2,6.8,2,60.0,50.6,0
2,4,10,2,4,0,2.7,3,51.9,54.8,0
5,0,3,3,3,0,7.6,2,59.7,74.9,1
4,5,3,2,2,2,0.3,2,50.2,62.0,0
10,1,7,1,1,1,0.7,3,62.7,71.7,1
9,3,2,0,1,2,0.1,2,55.5,46.4,0
7,5,1,4,0,2,1.2,3,57.8,70.1,0
6,1,9,1,1,3,1.5,3,54.5,57.3,0
7,2,9,0,1,0,0.9,2,46.6,46.8,0
1,3,7,1,2,0,5.3,2,58.2,48.7,0
1,2,7,3,2,4,1.3,2,48.8,32.2,0
8,5,3,2,3,2,1.0,2,67.6,45.4,0
2,3,10,1,0,2,2.3,3,45.3,30.7,0
10,4,2,0,1,1,0.5,2,46.2,58.5,0
11,1,7,3,3,0,4.9,2,80.5,79.8,1
9,5,9,4,0,1,0.2,2,55.5,65.0,1
7,0,1,3,5,3,13.0,1,84.5,93.5,1
6,3,4,2,1,4,4.4,1,60.6,66.9,0
1,3,6,3,1,1,0.7,3,52.3,33.0,0
1,5,7,4,2,0,0.0,2,38.9,45.3,0
2,5,10,0,4,3,5.1,2,53.9,37.5,0
6,2,7,1,0,2,3.7,2,48.6,58.0,0
6,4,10,2,1,3,3.9,3,50.2,58.8,0
2,2,2,4,0,1,4.4,2,39.7,50.8,0
1,2,4,2,3,0,0.2,3,33.9,51.8,0
10,4,5,3,3,1,1.3,2,69.1,68.3,1
5,0,1,2,4,2,0.4,3,68.5,47.3,0
5,2,1,4,1,2,6.0,2,69.8,65.5,1
2,2,10,1,2,0,2.9,2,43.7,55.1,0
6,3,3,1,1,4,1.2,2,50.9,57.0,0
9,4,10,2,0,3,0.2,2,62.5,58.7,0
2,1,3,0,5,3,1.1,2,56.2,30.1,0
10,0,8,2,3,2,1.2,2,67.1,58.3,1
2,0,9,3,0,1,3.9,2,43.7,49.2,0
3,4,1,1,4,1,3.0,1,63.2,50.0,0
7,5,2,1,3,4,6.5,3,61.3,68.1,1
6,5,10,1,2,1,1.9,2,59.0,46.9,0
8,3,2,0,3,3,0.4,3,62.7,56.3,0
8,3,4,0,5,1,3.7,2,71.0,50.4,1
6,4,2,4,1,4,4.3,2,61.9,62.4,0
11,3,7,2,5,3,2.5,2,75.6,58.8,1
10,0,9,2,5,1,4.4,2,72.9,59.6,1
3,0,7,3,1,3,2.0,4,47.7,45.2,0
3,1,6,1,3,2,2.2,2,42.9,44.8,0
1,5,10,0,4,2,1.7,3,53.4,28.6,0
7,4,1,3,1,2,0.1,3,58.2,68.6,1
5,2,10,3,1,1,0.3,2,45.1,47.1,0
4,5,9,0,2,4,0.1,3,43.6,41.5,0
10,2,5,2,3,3,3.0,2,65.3,76.7,1
4,1,5,1,1,0,1.1,4,47.6,46.2,0
4,1,6,2,4,2,2.1,2,58.3,48.3,0
6,3,9,3,0,2,7.1,1,68.6,69.4,1
8,1,8,1,3,0,0.9,3,70.3,51.1,1
8,1,8,4,2,0,1.6,2,65.0,59.8,1
5,2,8,3,5,1,4.2,2,65.6,64.9,1
6,3,1,2,1,3,0.8,2,46.3,49.3,0
4,1,1,2,4,2,0.2,2,64.2,54.0,0
11,5,8,2,3,4,1.0,2,66.8,71.9,1
9,1,5,0,4,1,0.5,3,67.3,54.6,0
8,3,9,3,4,1,8.0,1,78.3,81.6,1
10,4,2,1,5,4,5.0,2,77.3,63.6,1
10,3,9,2,2,4,3.0,1,73.4,72.9,1
1,2,8,2,3,4,6.2,2,56.7,56.0,1
2,4,9,0,1,0,4.9,3,55.2,41.7,0
9,5,4,1,2,2,0.6,3,63.4,54.1,0
8,0,1,3,1,0,6.7,3,64.9,74.8,1
3,3,1,4,0,2,2.3,2,45.5,69.5,0
8,2,5,0,4,0,4.9,2,69.6,57.3,1
1,5,2,3,0,3,6.8,3,39.7,52.1,0
10,4,8,4,4,2,1.1,3,62.7,79.3,1
4,5,10,2,5,1,0.3,2,61.3,48.1,1
3,3,5,2,2,2,0.8,2,40.2,52.0,0
6,1,5,1,1,2,1.7,3,50.8,61.8,0
7,3,2,4,5,2,5.1,2,64.3,57.4,1
4,0,7,2,1,3,5.9,2,52.4,57.4,0
7,3,8,2,2,0,0.0,2,54.5,52.9,0
9,4,10,1,3,1,2.1,1,63.1,53.1,1
11,4,1,3,0,0,1.6,2,53.1,57.5,1
2,3,2,2,0,0,0.8,2,39.4,32.2,0
11,4,10,0,1,4,0.4,2,56.5,58.9,0
3,1,4,0,1,3,1.2,1,42.1,36.0,0
5,5,5,3,1,4,8.6,2,65.8,62.8,1
3,3,2,4,2,3,1.2,2,54.1,54.3,0
11,1,1,1,3,0,2.2,3,62.1,60.1,1
8,5,9,0,0,0,3.6,4,67.5,65.6,1
10,5,1,0,5,3,1.4,2,68.5,53.1,0
8,1,4,3,4,0,10.7,2,75.0,90.3,1
8,2,2,4,2,0,9.8,3,67.0,81.5,1
9,3,4,4,0,1,0.9,2,56.4,63.5,1
4,5,8,3,3,4,2.1,2,66.3,49.1,0
5,5,8,0,2,4,1.1,3,43.4,55.0,0
5,4,9,1,5,4,1.0,1,47.7,52.7,0
8,5,5,0,0,2,0.1,3,54.4,44.9,0
7,1,7,4,2,1,2.8,3,63.0,67.4,1
9,5,3,0,0,4,2.1,1,58.3,39.8,0
8,2,10,1,0,4,0.2,1,56.4,44.5,0
2,3,4,2,3,1,1.0,1,41.6,38.5,0
10,3,10,0,4,0,7.2,2,72.1,62.5,1
4,5,9,3,3,4,0.8,2,53.3,60.5,0
6,0,10,2,0,0,0.5,2,59.5,39.4,0
2,0,10,3,2,4,2.0,2,50.8,39.1,0
7,1,1,3,5,3,12.7,3,85.6,84.1,1
3,0,2,3,3,2,0.8,2,43.9,51.1,0
3,1,5,0,4,4,3.3,1,59.2,41.1,0
11,4,3,4,0,3,4.3,2,58.6,93.6,1
2,1,2,2,5,1,0.8,2,63.7,47.8,0
11,0,1,1,3,3,3.9,2,66.5,76.6,1
8,5,10,4,3,1,1.4,2,57.4,66.1,1
6,4,3,0,3,4,3.0,2,51.4,46.6,0
1,0,1,3,3,1,3.0,3,49.7,44.7,0
1,1,1,1,5,3,2.3,4,53.4,46.6,0
7,2,1,2,2,2,0.3,2,64.9,60.4,1
8,3,8,4,4,0,5.4,2,75.4,72.2,1
5,0,3,4,4,0,1.2,2,53.0,61.9,0
11,1,1,1,0,2,0.6,2,65.4,68.9,0
5,4,7,0,1,0,0.1,2,41.2,38.8,0
4,0,10,2,2,4,2.7,3,48.5,49.4,0
6,0,3,1,0,4,3.4,2,54.0,57.7,0
6,3,8,3,0,3,0.1,2,41.5,43.1,0
3,1,4,2,3,3,2.2,2,58.7,51.6,0
9,2,4,4,1,1,0.8,4,72.1,60.0,1
11,4,5,1,1,3,3.1,3,64.6,73.2,1
7,1,6,4,2,4,0.6,1,52.4,77.6,1
1,4,7,4,1,3,3.5,2,44.2,48.0,0
7,0,4,4,0,0,1.5,2,49.3,54.7,0
5,3,8,0,1,1,8.3,2,62.5,56.1,1
5,3,6,4,1,1,0.4,2,41.2,55.4,0
2,5,1,3,4,4,1.3,3,53.2,52.4,0
4,2,1,3,0,3,0.4,3,55.8,52.8,0
6,3,9,2,5,0,7.8,4,60.3,63.9,1
10,0,10,4,1,3,6.3,2,61.9,81.0,1
11,2,6,4,1,2,0.9,3,60.4,65.3,1
7,1,10,1,3,3,3.2,3,66.0,62.6,1
11,3,8,0,1,4,5.1,2,74.7,78.0,1
5,2,7,2,1,3,2.4,3,57.0,45.5,0
9,0,6,4,4,1,2.3,1,58.0,59.5,1
3,5,4,1,0,0,0.8,3,38.8,39.7,0
1,4,7,0,2,4,0.3,2,37.2,24.5,0
4,4,9,2,0,2,6.8,2,53.6,50.4,0
9,0,10,2,3,0,6.9,2,72.8,62.1,1
4,0,10,4,0,0,3.0,2,40.1,58.1,0
2,4,7,2,1,1,1.2,2,41.1,41.4,0
10,5,1,1,3,1,1.3,1,69.9,63.4,1
5,2,10,2,0,1,3.9,2,48.1,52.5,0
3,4,9,3,3,4,6.8,2,58.1,51.8,1
9,0,4,1,2,3,6.5,3,79.8,67.7,1
4,3,3,0,0,0,4.5,3,62.6,40.8,0
6,1,4,0,5,3,3.1,2,52.4,54.1,0
2,5,4,4,1,3,0.3,3,43.0,37.8,0
6,5,10,4,3,1,0.5,2,74.0,44.8,1
3,3,2,3,5,3,6.9,3,67.3,49.1,1
9,3,1,0,5,0,2.8,2,71.6,54.6,1
11,0,10,0,4,0,0.0,2,77.1,55.5,1
2,4,1,0,3,2,0.3,2,48.7,36.5,0
9,2,8,0,5,4,3.3,1,76.5,54.4,1
5,5,2,2,4,3,0.0,3,54.8,43.6,0
8,5,10,1,5,4,0.5,3,67.1,64.5,1
2,3,5,1,1,4,2.4,2,48.0,51.0,0
6,4,4,3,2,4,3.5,2,63.7,68.8,1
3,5,8,2,4,4,3.2,3,53.8,52.4,0
10,2,2,0,2,0,0.8,3,60.4,59.1,0
5,3,10,0,3,3,3.7,2,47.5,43.6,0
8,2,9,4,1,2,0.8,2,54.0,66.5,1
10,4,7,4,4,4,1.2,2,74.5,64.5,1
1,5,7,3,3,2,4.1,2,53.7,43.0,0
5,1,1,0,5,0,3.1,2,57.2,36.8,0
3,5,2,3,0,0,5.7,2,38.7,61.1,0
4,4,4,2,3,1,3.2,3,55.3,53.9,1
2,5,4,1,2,4,2.5,2,53.7,40.9,0
9,5,3,0,1,1,0.3,4,54.9,50.0,0
3,0,7,2,1,2,1.4,3,37.5,34.2,0
2,5,8,0,3,3,0.9,3,44.7,38.5,0
10,5,2,4,5,1,0.8,2,72.7,68.3,1
11,2,4,3,0,0,10.8,3,82.9,93.8,1
9,1,3,4,2,4,1.5,1,60.5,70.2,0
7,2,2,1,3,2,6.7,2,74.2,68.0,1
6,2,6,4,3,0,3.0,2,65.9,64.3,1
1,3,4,0,1,3,4.8,2,39.8,42.3,0
5,0,6,4,2,4,2.1,3,61.6,66.8,1
11,2,2,0,0,3,2.6,3,64.8,60.8,0
11,4,4,1,1,3,2.0,1,57.5,68.0,1
3,4,6,4,3,4,0.7,2,60.6,49.6,0
1,5,5,3,1,4,3.8,2,44.7,49.0,0
4,3,3,3,1,3,1.0,2,36.1,63.4,0
2,0,8,3,4,2,0.1,3,45.3,50.1,0
2,0,7,4,1,4,3.1,2,40.9,50.8,0
3,5,3,4,5,0,0.6,3,50.9,55.5,1
8,4,6,4,1,1,8.5,2,65.1,70.3,1
8,1,4,0,5,2,9.2,2,77.4,65.1,1
7,3,5,1,2,4,7.4,2,64.7,57.6,0
6,5,5,3,1,4,1.4,2,52.2,61.2,0
9,3,7,0,0,2,0.0,2,58.4,51.3,0
4,4,5,3,5,1,7.9,3,63.7,66.7,1
1,4,3,0,5,3,1.7,3,59.3,40.9,0
8,1,10,4,3,0,10.2,2,68.1,79.1,1
7,1,5,3,2,4,9.9,2,74.0,72.9,1
7,0,7,4,1,1,5.8,1,71.4,71.6,1
3,3,5,3,0,0,1.0,2,42.1,43.9,0
4,3,5,2,3,2,1.5,2,54.6,49.5,0
10,4,9,0,2,4,5.7,1,64.8,65.6,1
9,0,3,2,5,3,1.1,3,65.9,63.2,1
6,5,6,0,0,2,0.6,2,58.4,48.9,0
5,3,1,1,1,4,2.4,3,56.7,39.2,0
3,0,10,3,4,1,8.3,2,66.5,53.9,1
9,0,5,1,4,0,3.6,3,58.5,54.3,1
5,4,8,1,2,0,2.5,2,50.5,51.2,0
5,0,5,0,0,4,0.3,2,56.9,41.1,0
4,1,9,2,3,2,2.9,4,58.1,36.3,0
4,1,6,4,0,3,13.8,2,67.8,92.5,1
1,2,8,0,5,1,0.5,1,51.4,20.0,0
7,4,10,4,4,4,2.2,3,60.0,65.7,1
9,5,8,1,2,1,6.3,3,71.2,71.3,1
3,2,3,4,1,0,4.1,3,41.0,53.8,0
2,1,7,2,0,3,3.6,2,35.1,52.9,0
3,2,7,0,4,1,3.6,2,52.6,37.0,0
1,4,10,2,3,4,1.3,4,47.9,43.1,0
6,4,6,2,2,3,1.0,1,45.3,38.6,0
11,0,7,0,1,2,5.0,2,69.9,74.7,1
11,3,2,2,0,4,5.0,2,60.7,73.5,1
7,0,9,3,3,1,6.1,2,61.8,57.7,1
11,4,10,3,1,3,7.3,2,80.5,85.6,1
11,1,10,3,5,4,2.1,2,75.1,83.3,1
2,5,1,4,4,3,2.1,2,47.1,46.3,0
8,1,1,2,5,3,4.8,2,73.4,64.2,1
6,0,3,0,4,3,3.1,2,54.1,47.1,1
4,5,3,0,3,1,3.6,2,59.0,41.1,0
5,4,1,4,5,4,4.8,3,72.3,58.9,1
8,1,7,0,4,0,6.6,2,76.5,57.4,1
3,4,4,3,2,0,1.2,2,61.4,46.1,0
3,5,10,2,3,1,1.4,3,39.6,44.5,0
11,5,2,0,4,1,0.3,2,70.4,55.0,1
4,1,10,0,0,3,2.6,2,39.6,50.0,0
1,4,5,1,4,4,0.1,2,46.3,40.9,0
9,2,6,1,5,4,1.9,3,70.1,48.6,1
8,4,9,1,2,2,2.3,3,74.8,53.6,1
8,5,4,2,1,2,1.0,3,56.3,67.6,1
10,4,2,3,1,0,2.7,3,63.1,72.4,1
6,0,5,3,4,2,0.1,2,64.4,58.0,0
7,2,3,3,1,2,0.1,1,52.8,59.9,0
6,3,2,2,4,0,5.2,2,77.0,59.5,1
9,0,1,2,2,0,1.3,2,65.8,61.6,1
3,3,10,1,1,2,0.4,2,49.7,38.9,0
3,1,2,0,5,4,2.2,2,46.2,47.5,0
3,3,6,4,5,2,4.4,1,72.6,56.7,1
10,4,8,4,0,3,0.7,3,54.2,69.5,1
3,3,3,0,4,3,2.9,2,55.9,47.9,0
9,5,9,1,1,3,0.3,2,53.8,54.2,0
4,0,9,0,5,1,0.2,2,50.4,39.8,0
7,0,2,0,2,3,2.3,2,51.6,49.1,0
9,3,8,4,2,4,2.3,2,63.9,70.1,1
11,0,10,1,0,1,3.0,1,51.9,64.2,0
7,5,5,2,2,1,3.9,2,59.8,57.7,0
9,0,4,4,2,3,11.2,3,82.9,81.7,1
3,3,10,2,1,2,2.2,3,51.2,47.2,0
4,2,5,1,4,0,1.2,2,58.1,52.7,0
8,2,4,0,3,2,4.8,2,61.9,62.9,0
6,1,8,3,2,2,0.9,2,45.1,46.2,0
5,0,4,3,2,1,1.7,3,59.9,53.1,0
4,3,10,1,3,1,0.2,2,49.0,39.5,0
8,0,6,3,2,1,0.1,2,57.2,49.7,0
1,4,2,2,1,4,9.9,3,53.3,59.2,0
9,5,5,3,1,4,5.4,2,69.5,72.1,1
1,0,6,1,3,0,3.6,1,61.1,56.6,0
8,0,5,1,5,1,1.6,2,76.2,54.0,1
4,2,2,2,2,3,0.6,2,35.7,42.6,0
9,5,7,3,5,1,0.5,2,66.2,57.8,1
11,3,4,3,2,4,0.9,2,57.4,66.4,1
5,0,8,0,4,1,2.4,3,65.2,50.9,0
3,2,7,4,2,4,3.8,2,52.3,63.2,0
9,1,7,1,1,1,3.2,2,65.8,82.3,1
11,5,9,0,0,3,1.0,2,58.3,50.8,0
9,2,1,1,0,0,9.3,3,62.5,73.3,1
4,2,10,0,0,3,4.0,2,44.6,42.4,0
11,2,6,4,0,4,2.4,2,53.6,78.3,1
4,0,6,0,5,2,2.8,2,53.0,54.8,0
8,0,6,1,5,3,1.6,3,58.7,62.5,1
2,1,6,3,2,1,0.9,2,39.5,38.6,0
9,4,10,1,5,0,1.3,2,62.7,63.2,1
6,4,7,2,2,1,4.3,2,61.9,44.9,0
9,4,10,2,4,1,0.0,3,67.0,42.9,0
8,5,6,2,2,3,0.4,2,60.5,55.9,1
7,5,1,2,0,0,0.1,2,57.7,59.0,0
1,1,3,4,3,2,0.1,3,44.4,49.2,0
3,5,2,3,3,1,5.8,3,53.1,71.8,0
11,4,6,3,1,0,3.6,2,80.4,75.3,1
2,4,8,1,1,2,1.9,4,50.2,41.2,0
5,2,3,0,2,1,0.3,1,52.4,51.1,0
5,5,10,1,3,0,2.0,2,57.0,47.0,0
5,0,8,1,0,3,1.9,3,50.6,52.2,0
4,0,8,1,5,1,0.6,2,55.9,47.7,0
5,2,5,1,0,1,1.7,2,49.3,42.3,0
3,2,8,3,0,0,1.5,2,46.9,53.5,0
1,2,6,0,2,1,2.9,2,42.1,53.0,0
5,0,5,1,2,2,3.0,2,45.7,59.4,0
9,4,9,3,4,1,0.1,3,52.6,57.4,1
9,2,7,1,0,4,1.4,3,62.2,74.9,1
4,1,8,2,0,2,2.9,2,38.7,57.1,0
3,2,1,1,2,0,2.1,2,52.5,47.7,0
1,3,2,1,2,2,5.8,3,44.0,45.8,0
2,2,8,4,4,4,3.2,2,47.4,59.6,1
8,0,9,2,4,4,0.5,2,59.1,58.7,1
1,5,4,0,1,1,0.2,1,41.2,33.0,0
8,2,10,1,3,1,3.1,2,57.0,58.1,1
7,5,10,0,0,3,0.1,1,46.8,54.5,0
8,3,9,2,0,2,2.6,2,56.4,67.8,0
6,1,4,1,4,3,8.5,2,63.6,62.7,1
9,5,10,4,4,4,2.6,2,77.2,60.5,1
3,4,10,3,1,1,1.5,2,36.0,50.9,0
10,2,10,4,3,1,3.1,3,67.8,69.5,1
4,3,9,4,1,1,1.8,3,56.7,54.0,0
6,3,7,3,3,0,2.4,2,51.3,58.9,0
8,5,2,3,5,4,8.5,2,77.2,68.4,1
5,1,9,3,0,1,1.5,4,49.0,44.4,0
3,0,4,1,1,4,9.7,1,53.9,60.6,0
6,2,8,0,4,1,7.1,3,68.3,57.9,0
4,3,7,0,1,2,0.7,2,50.6,41.1,0
9,1,7,3,5,4,0.2,3,64.8,67.0,1
3,4,8,4,1,3,0.3,2,49.2,47.5,0
4,3,1,2,0,0,0.1,2,46.2,49.4,0
7,1,5,3,5,3,0.3,2,59.8,67.9,1
7,0,2,4,4,4,3.4,2,72.3,65.9,1
4,0,2,4,4,1,0.2,2,49.7,67.7,0
6,3,1,1,2,4,1.2,2,60.1,50.9,0
3,3,5,1,5,0,5.6,3,58.1,45.1,0
6,5,2,0,2,4,0.1,1,51.4,51.1,0
2,2,4,0,2,1,5.1,1,51.0,43.3,0
8,1,3,2,0,3,1.0,2,56.1,66.2,0
2,3,3,2,1,2,0.4,2,28.0,45.6,0
11,2,2,2,4,3,3.6,2,77.3,68.6,1
7,5,6,2,4,1,3.0,2,64.2,70.5,1
9,2,2,4,1,1,6.3,2,68.5,74.3,1
1,3,8,4,4,0,4.0,2,56.2,38.5,1
8,0,8,0,1,4,4.9,2,64.8,64.9,1
7,1,5,1,5,4,1.0,1,52.3,55.2,0
6,1,10,1,0,3,0.6,1,42.7,58.5,0
6,0,7,3,0,2,4.2,1,56.4,56.8,0
6,3,4,4,0,2,4.9,4,56.8,66.1,1
9,1,1,2,1,0,14.0,2,73.5,82.1,1
2,3,2,2,1,1,1.6,2,48.7,51.4,0
1,5,10,3,3,0,1.4,1,45.3,50.1,0
6,3,10,1,4,4,4.5,1,70.3,58.1,1
10,2,4,2,4,1,1.3,2,76.1,65.8,1
11,0,1,1,3,0,8.0,2,80.4,67.4,1
8,3,8,3,3,3,5.9,4,72.2,76.4,1
3,5,9,1,0,4,1.7,3,40.5,49.5,0
10,4,4,1,3,2,4.2,3,76.1,82.0,1
1,0,10,1,1,0,4.2,2,47.3,46.9,0
9,1,3,2,2,4,0.3,2,58.5,64.5,0
1,2,2,0,1,4,7.0,2,42.9,48.4,0
3,1,5,4,3,2,2.1,3,49.4,50.4,0
8,5,3,1,4,2,5.3,2,63.8,71.7,1
3,5,10,1,1,2,1.2,2,50.4,42.7,0
4,1,7,1,4,0,6.8,2,71.3,54.3,1
8,0,6,0,1,2,1.5,1,62.8,51.7,0
1,1,1,3,4,3,0.0,3,62.2,42.6,0
6,3,8,2,5,4,7.1,2,68.5,61.3,1
1,1,2,0,1,2,0.3,2,43.7,34.5,0
1,2,5,1,4,4,1.2,1,41.8,37.4,0
8,2,9,0,2,1,9.0,3,69.9,64.9,1
11,4,8,0,0,1,9.0,1,63.9,77.2,1
4,2,2,0,1,2,2.6,3,53.5,45.1,0
1,1,9,3,2,4,3.0,2,44.6,44.5,0
10,2,5,4,0,1,1.8,3,47.4,66.9,1
7,0,10,2,1,2,1.0,3,50.4,57.1,0
5,2,6,3,2,4,1.2,2,63.6,49.9,0
5,3,3,3,2,2,3.3,2,58.5,53.3,0
1,0,3,4,5,4,4.2,2,60.6,48.4,0
10,4,10,3,2,1,4.7,2,69.8,75.8,1
11,3,8,0,5,2,4.7,3,77.6,74.3,1
6,1,10,0,3,1,0.3,2,56.2,48.0,0
9,1,10,1,4,2,2.0,2,69.3,65.9,1
9,1,2,3,0,0,0.2,2,48.5,62.8,0
8,3,2,1,4,1,2.4,2,70.8,58.8,0
5,3,5,2,4,1,1.7,3,65.4,64.2,1
1,3,6,0,5,3,6.6,2,58.4,50.1,0
9,0,2,2,4,1,1.3,4,63.6,68.4,1
1,5,5,4,2,4,0.4,3,38.3,45.3,0
8,0,7,0,5,2,0.5,2,76.3,50.8,0
5,1,10,2,4,0,4.3,2,59.7,60.1,0
3,5,10,4,5,4,2.9,3,62.4,52.5,1
11,2,8,2,3,4,0.3,2,66.0,48.5,1
7,1,7,4,5,4,0.3,1,61.8,64.7,1
7,4,8,4,1,4,3.6,2,53.7,74.7,1
9,0,9,0,2,0,0.2,2,54.3,53.3,0
7,3,5,1,0,3,5.2,3,62.6,56.1,0
11,0,5,4,1,1,3.7,2,61.3,75.8,1
3,3,10,4,1,4,0.3,1,47.3,37.8,0
11,5,4,0,1,1,0.3,3,62.6,55.6,0
1,4,9,1,4,1,12.9,3,71.1,51.5,1
8,5,5,3,5,4,1.4,2,63.6,58.1,1
3,4,2,3,5,3,1.4,3,62.7,42.3,0
8,0,10,1,4,1,5.0,2,69.3,53.6,1
8,3,8,2,2,2,8.8,3,86.4,65.9,1
5,5,7,0,4,1,12.8,2,65.5,70.0,1
1,4,8,1,4,4,4.2,2,68.1,40.0,0
10,1,3,3,4,0,1.4,3,68.4,60.3,1
7,1,4,4,2,1,0.3,2,57.1,67.2,1
10,5,5,3,2,3,4.5,4,65.1,74.5,1
5,3,6,4,3,2,2.5,2,47.8,44.4,0
8,5,1,0,3,2,1.7,3,59.4,60.0,0
9,0,4,4,3,0,7.1,3,70.8,79.8,1
11,4,10,1,3,0,0.4,2,68.3,67.0,1
7,0,5,4,5,1,2.0,3,72.7,63.6,1
7,1,7,2,1,4,0.0,2,54.1,65.8,0
1,4,5,1,1,3,1.9,3,43.8,36.7,0
4,5,1,0,3,2,0.2,2,53.9,21.9,0
2,0,7,1,3,0,0.4,3,36.9,33.0,0
2,2,8,2,0,3,0.4,2,30.0,46.2,0
2,3,7,0,1,4,3.1,2,37.6,41.8,0
4,3,4,3,0,2,4.1,2,47.7,57.0,0
1,2,8,2,0,2,2.6,2,29.9,37.3,0
4,1,5,0,4,4,9.8,3,64.4,57.8,1
2,4,10,4,5,2,1.4,2,45.8,51.4,1
5,3,9,1,2,4,1.0,2,55.4,47.6,0
3,2,10,0,1,2,6.1,2,55.9,52.2,0
8,5,5,1,3,1,0.8,2,59.4,56.1,1
4,2,1,4,3,4,9.9,1,54.8,70.1,1
1,1,9,0,2,3,0.0,3,40.8,25.5,0
1,1,5,3,1,1,10.5,4,57.4,71.4,1
10,0,6,2,3,3,0.1,2,69.6,76.1,1
3,3,4,0,3,2,6.7,1,69.6,61.7,1
9,0,6,4,4,3,2.3,2,74.9,75.4,1
7,2,8,0,0,1,14.9,2,73.7,62.5,1
2,4,3,1,3,4,0.2,2,45.5,26.3,0
9,4,5,0,5,0,2.4,3,66.5,53.0,1
10,1,2,3,1,3,10.5,2,83.3,83.9,1
2,4,2,0,5,0,2.2,3,56.2,38.3,0
3,4,7,2,2,3,3.0,2,54.9,51.2,0
11,4,10,0,4,3,3.6,2,71.0,54.2,1
10,2,10,1,1,4,1.8,2,54.8,73.0,1
2,4,10,0,4,2,3.0,2,51.4,50.9,0
3,5,6,3,0,1,2.6,2,43.7,43.6,0
6,4,4,4,3,1,6.9,3,67.3,58.5,1
9,4,5,0,1,1,0.1,2,53.1,52.1,0
9,0,1,0,2,2,1.0,3,61.4,63.1,1
7,2,7,2,0,0,9.0,2,71.0,70.5,1
3,1,8,3,0,1,6.6,2,41.5,61.8,0
4,0,9,4,4,0,1.8,2,43.8,54.2,0
6,3,8,1,0,2,2.9,2,60.0,54.8,0
11,2,5,0,1,2,1.0,2,54.4,65.9,1
5,5,3,4,4,4,0.6,1,54.7,60.5,1
2,2,10,1,0,1,1.9,2,45.9,45.9,0
6,3,9,3,2,4,1.3,1,54.8,46.2,0
3,3,6,3,5,1,2.6,1,57.6,67.7,1
8,3,5,4,1,2,0.2,2,55.9,52.9,0
2,1,3,1,2,2,11.0,2,76.0,59.4,1
1,4,6,3,2,3,12.9,3,72.2,65.1,1
9,2,3,4,4,3,3.6,2,66.0,72.2,1
3,4,10,3,3,2,2.3,3,58.9,58.2,1
11,4,6,3,4,2,1.1,2,73.9,65.0,1
1,5,4,3,1,0,5.0,2,47.1,49.0,0
7,3,2,2,1,0,3.5,2,52.6,52.7,0
10,1,8,1,4,4,0.5,3,70.5,67.3,1
5,5,4,4,3,3,7.3,2,62.5,71.4,1
5,0,9,4,4,3,5.2,3,61.5,70.3,1
1,1,7,1,1,2,9.0,2,48.6,57.8,0
9,4,2,1,3,2,3.9,1,74.1,76.9,1
7,1,4,1,1,4,2.9,2,52.6,68.9,0
8,3,5,1,3,3,1.6,1,58.0,58.7,0
9,0,3,0,3,0,8.1,2,79.1,68.2,1
6,3,9,4,4,1,6.0,2,66.4,66.1,1
5,0,5,0,4,4,0.1,2,55.5,48.0,0
6,5,2,3,4,1,0.1,4,64.5,60.6,1
11,4,3,3,3,0,1.4,2,76.7,65.4,0
2,0,9,4,3,0,5.0,3,41.6,63.0,1
4,0,7,3,1,1,13.1,2,65.2,81.1,1
3,0,2,1,2,4,0.5,2,38.9,34.0,0
7,1,9,0,4,1,2.7,3,62.1,53.7,0
9,5,4,1,5,4,1.4,3,69.4,58.1,1
5,1,9,3,1,4,10.5,3,62.1,71.9,1
6,4,2,0,1,2,5.5,2,52.9,48.3,0
10,0,10,1,0,3,5.5,2,58.7,55.6,0
2,5,4,4,4,3,1.9,2,56.6,47.1,0
3,5,5,1,1,0,1.6,2,55.7,37.6,0
3,2,2,3,0,2,1.0,2,30.7,52.2,0
9,4,10,0,5,3,0.2,3,65.6,55.4,0
7,5,1,4,5,4,6.0,3,76.3,74.5,1
8,0,7,0,4,4,5.0,2,69.9,49.3,1
11,0,10,4,3,1,16.0,1,84.0,92.5,1
10,5,1,0,0,1,16.0,3,78.1,79.5,1
11,1,8,3,3,4,2.4,2,72.2,72.5,1
9,4,3,4,5,4,4.4,2,72.1,72.1,1
6,0,10,2,5,1,8.7,1,73.4,69.8,1
4,5,6,0,2,3,5.7,2,57.2,57.1,0
1,0,7,0,2,0,0.9,4,40.3,27.0,0
8,5,10,1,2,1,1.8,1,65.2,50.0,0
7,4,1,4,2,3,0.4,2,53.2,63.2,1
2,5,6,2,1,3,9.2,2,49.7,58.1,0
8,2,7,3,2,3,2.8,3,75.2,70.7,1
5,5,6,1,1,2,0.8,3,49.2,47.5,0
7,5,4,2,1,2,3.3,2,42.3,72.7,1
4,4,1,4,4,3,2.9,1,65.7,48.1,1
5,5,9,2,1,4,1.3,2,58.0,57.8,0
8,4,4,0,1,2,0.4,2,58.4,52.0,0
1,2,7,0,2,1,3.3,2,51.0,28.7,0
1,4,7,1,1,2,2.2,1,56.0,25.5,0
4,0,2,4,3,4,4.4,2,52.2,54.1,0
3,4,1,4,2,0,2.2,2,50.7,63.9,0
10,2,8,2,0,2,5.7,2,77.4,80.0,1
2,3,8,1,2,3,2.4,3,61.1,41.9,0
3,5,7,4,1,3,2.5,1,45.6,53.4,0
11,4,8,0,3,3,6.3,2,88.2,62.8,1
11,5,3,2,2,0,1.5,4,71.3,66.0,1
11,1,2,3,3,4,0.4,2,76.3,65.5,1
1,0,7,0,0,1,0.1,2,42.0,44.6,0
1,0,8,1,5,4,4.2,2,57.9,34.9,0
6,1,1,4,0,0,2.9,2,65.8,67.0,0
5,1,10,0,5,3,3.7,3,60.8,61.4,1
8,4,9,3,4,4,0.7,2,75.1,67.2,1
2,1,4,3,5,1,0.4,3,64.9,38.4,0
4,3,4,1,4,3,0.0,2,62.0,32.8,0
8,5,3,0,2,1,1.3,2,59.1,54.3,0
6,5,6,2,4,2,2.7,2,63.7,57.9,1
1,2,1,0,3,1,1.5,2,39.3,43.8,0
4,1,6,3,4,3,1.7,2,53.7,57.4,0
1,1,2,1,3,2,7.0,2,59.0,45.3,0
2,3,9,1,5,3,1.3,2,45.3,36.9,0
5,0,2,2,5,3,2.2,2,60.0,44.3,0
8,0,7,1,5,2,4.6,3,83.7,62.7,1
8,5,1,1,4,1,1.5,2,63.9,46.4,0
11,5,7,1,5,0,2.9,3,82.3,72.6,1
3,4,5,1,4,0,5.9,2,63.9,55.8,0
11,3,8,1,4,0,9.0,2,80.8,81.0,1
4,2,4,3,1,0,0.5,3,46.1,42.1,0
10,2,10,0,1,4,7.8,2,72.3,68.1,1
11,3,7,4,4,0,2.0,2,59.9,72.4,1
6,2,6,1,3,2,0.9,1,62.7,50.8,0
11,0,5,4,2,0,1.8,2,66.3,78.5,1
11,2,4,4,0,3,11.7,2,82.7,89.0,1
10,2,7,3,1,0,2.0,4,64.9,65.8,1
3,3,5,1,4,1,1.2,2,52.4,47.9,0
2,3,5,4,0,2,3.0,3,45.1,46.5,0
6,2,1,1,1,2,0.8,2,53.1,44.8,0
11,1,2,2,2,4,0.2,2,73.4,65.0,1
5,3,5,2,3,3,0.4,2,54.5,56.5,0
10,4,3,2,4,2,0.4,3,69.3,56.0,1
5,4,2,4,2,1,0.5,3,44.2,69.9,1
10,0,4,2,1,0,0.4,2,59.9,53.4,0
5,2,4,3,4,2,3.1,2,69.3,69.4,1
10,1,4,3,0,1,0.6,2,60.5,75.0,1
5,0,4,4,5,0,1.3,1,53.9,48.8,1
3,2,3,1,3,4,6.8,2,53.5,41.8,0
7,3,7,0,1,2,1.9,3,51.3,56.0,0
6,4,9,1,3,2,3.3,2,66.7,51.8,1
4,5,5,1,4,1,0.6,3,59.9,37.5,0
2,1,4,1,5,3,0.6,2,32.1,52.3,0
9,5,2,1,2,4,0.1,2,59.5,47.9,0
1,4,2,0,3,3,0.6,2,46.4,28.4,0
11,5,5,2,0,2,1.0,2,54.9,62.0,0
4,3,7,1,1,3,0.6,3,44.8,25.0,0
1,2,10,3,0,0,0.3,2,45.6,44.1,0
6,3,10,4,3,4,0.4,1,58.7,53.3,0
4,5,9,4,5,3,1.9,2,56.1,63.0,0
5,3,7,3,2,0,0.7,1,50.9,60.8,0
5,4,5,1,2,1,1.4,2,51.7,50.1,0
9,1,10,0,0,3,2.1,3,59.6,58.0,1
1,3,10,2,4,4,3.5,1,43.9,47.0,0
2,4,10,4,4,0,0.1,3,45.6,44.3,0
6,1,6,2,5,3,4.8,2,74.1,56.4,1
5,2,3,0,2,1,3.0,2,55.0,57.1,0
11,5,5,4,0,3,0.3,4,54.5,77.1,1
7,2,8,2,0,0,6.2,1,54.9,67.1,1
3,0,1,0,0,3,7.6,3,57.3,55.4,0
3,4,1,2,3,4,0.2,2,46.3,44.4,0
10,1,7,1,5,2,1.0,2,74.0,61.5,1
2,3,5,0,4,0,4.9,3,53.0,48.0,1
3,2,5,2,4,0,4.1,3,51.0,37.4,0
10,1,1,1,3,0,0.6,2,66.9,65.9,1
1,4,9,1,1,0,0.7,2,40.2,43.1,0
5,0,1,0,3,3,1.4,2,59.7,39.5,0
5,2,5,3,5,4,2.0,3,66.8,65.3,1
11,5,10,4,0,1,2.9,2,61.4,61.2,0
7,1,9,0,3,4,1.4,3,62.1,52.5,0
4,5,4,1,0,0,1.9,2,44.3,47.1,0
3,1,8,1,5,3,4.1,2,64.1,46.3,1
1,1,6,0,5,3,0.1,2,51.3,32.8,0
8,4,3,3,2,0,0.9,2,55.2,66.2,0
3,4,4,4,0,3,3.7,3,43.0,45.6,0
2,4,2,2,4,0,6.8,2,61.2,61.2,1
11,3,1,0,3,4,2.2,4,76.9,58.5,1
4,1,8,4,5,2,2.3,2,65.1,65.2,1
3,2,1,4,0,3,0.3,3,36.5,56.6,0
1,5,1,1,1,0,1.8,3,37.3,36.2,0
3,4,4,2,2,0,2.3,2,45.9,48.1,0
2,4,10,0,1,3,0.8,2,39.6,36.4,0
8,5,10,1,5,1,0.9,2,55.6,66.4,1
6,5,6,1,1,0,1.4,3,57.6,43.1,0
9,1,9,3,1,3,0.1,3,54.7,60.0,1
8,4,1,4,2,0,1.2,2,62.1,55.0,0
10,5,7,0,2,1,0.7,3,61.2,57.2,1
3,3,10,0,2,2,1.2,2,48.2,35.3,0
5,3,5,0,2,1,0.4,2,47.5,39.7,0
7,4,8,1,1,4,6.6,3,62.7,73.3,1
5,5,7,3,4,3,2.7,2,54.8,52.1,1
8,1,4,2,4,1,3.4,3,67.6,62.0,1
5,1,4,1,2,2,4.7,2,66.7,51.2,0
1,1,6,2,3,0,2.1,1,50.9,40.5,0
5,0,6,3,0,3,0.3,2,48.2,72.9,0
4,4,9,4,5,1,2.3,1,51.8,46.0,0
6,1,5,0,3,2,2.7,3,63.1,54.3,0
3,3,8,2,5,1,4.1,2,64.2,68.9,1
11,5,5,1,3,4,1.7,2,70.9,71.6,1
5,2,2,2,3,3,0.4,1,55.4,50.6,0
2,2,6,4,4,0,1.0,2,50.1,42.6,0
11,1,9,0,0,2,1.4,3,65.1,69.1,1
6,2,3,2,3,1,3.1,2,68.8,64.2,0
6,2,1,4,2,3,2.5,2,59.0,52.9,0
5,0,1,1,5,1,1.3,3,54.7,46.1,0
6,3,3,3,4,3,12.9,2,72.2,70.3,1
11,3,10,1,5,4,2.8,3,80.2,46.0,1
7,0,5,0,2,1,0.8,1,50.8,40.4,0
5,0,3,1,2,4,0.3,2,52.7,47.3,0
1,2,9,1,3,2,0.5,3,43.4,41.0,0
8,4,8,1,2,4,0.8,2,52.4,52.8,0
4,5,3,1,0,3,0.5,2,49.6,54.1,0
9,5,9,0,2,2,0.6,2,65.0,60.8,0
10,2,6,4,3,1,1.0,2,57.9,69.9,1
6,5,7,2,5,1,0.6,1,64.4,51.3,1
1,0,4,3,2,3,6.8,3,54.4,57.9,1
3,3,4,2,4,0,0.3,2,57.0,44.8,0
3,5,2,2,4,0,2.2,2,55.9,38.5,0
10,2,5,3,4,1,1.6,3,77.9,66.3,1
4,4,8,0,5,3,12.1,2,73.7,66.5,1
6,2,7,3,1,0,0.4,2,49.6,65.3,0
7,1,7,0,4,4,1.5,3,56.8,57.0,0
10,2,6,2,4,1,10.5,3,77.1,83.2,1
4,0,3,0,1,4,6.0,2,49.2,61.0,0
6,3,5,4,5,3,5.1,2,69.7,71.1,1
11,3,1,3,4,4,0.9,2,68.9,69.0,1
1,5,7,4,3,0,0.6,2,47.5,57.9,0
8,0,9,2,5,0,3.3,2,62.8,68.0,1
7,1,1,3,4,2,8.0,3,67.2,81.4,1
11,0,2,2,4,1,2.4,3,67.6,60.6,1
11,2,3,4,1,3,2.5,3,78.5,70.1,1
9,0,3,2,3,1,1.0,2,62.8,55.6,1
3,0,8,3,5,4,4.4,3,60.3,57.2,1
2,1,7,3,2,3,0.6,2,44.9,59.4,0
1,2,6,2,0,3,1.2,2,48.3,33.6,0
3,4,10,3,3,0,1.7,1,41.9,57.3,0
5,4,10,3,2,4,2.1,2,53.8,48.4,1
11,3,4,2,3,0,0.8,3,58.2,80.8,1
2,5,9,4,2,0,0.4,2,30.7,38.5,0
3,0,1,3,2,2,2.8,2,46.4,58.3,0
4,3,2,3,3,0,1.0,4,55.3,58.5,0
7,1,4,3,1,1,2.6,1,52.0,67.0,1
3,4,3,3,3,3,0.5,3,52.2,42.8,0
9,0,1,2,3,0,2.0,2,65.9,55.6,1
8,1,5,4,2,1,2.3,1,60.2,77.0,1
4,5,7,4,0,4,0.2,3,51.6,61.6,0
1,1,2,0,2,3,1.2,2,40.5,42.0,0
1,0,5,3,4,4,0.4,2,50.1,51.9,0
1,5,6,3,3,1,0.2,2,34.2,32.6,0
1,1,7,0,5,4,13.8,1,71.0,46.4,1
8,5,1,4,3,4,1.2,1,60.3,61.4,0
3,0,7,1,1,4,5.0,1,44.5,46.6,0
6,0,4,1,5,0,0.9,1,64.4,46.0,0
3,5,8,4,2,0,3.4,3,47.3,59.6,1
11,2,4,3,1,0,4.3,2,78.5,83.5,1
5,3,6,1,3,3,2.7,2,43.0,48.8,0
7,1,9,2,2,1,1.9,2,59.8,52.2,0
2,1,5,2,2,0,1.6,3,47.0,50.6,0
6,2,4,0,4,4,1.3,3,58.4,45.3,0
6,2,8,4,4,4,8.0,2,67.0,74.1,1
11,2,9,4,0,4,5.3,3,67.6,78.8,1
3,4,4,1,4,4,10.1,2,73.1,61.5,0
6,4,3,3,5,2,0.4,2,51.3,49.1,0
10,5,8,4,2,3,3.9,2,63.1,81.2,1
10,4,5,1,4,1,8.4,2,73.2,73.3,1
5,0,2,1,0,1,0.6,2,40.3,41.7,0
2,5,10,4,3,0,0.2,2,49.3,53.1,0
9,1,9,1,5,2,4.1,4,76.9,57.9,1
8,3,3,0,4,1,2.6,3,72.8,49.6,0
3,0,2,0,2,3,5.5,2,58.5,39.0,0
8,1,1,4,3,4,0.5,3,64.9,52.9,1
9,1,8,3,2,0,4.8,2,58.5,75.3,1
3,5,3,0,3,3,0.7,1,59.0,46.9,0
3,2,7,0,5,1,0.5,2,53.6,35.3,0
2,2,1,4,2,2,0.5,2,51.4,44.4,0
8,0,1,2,4,0,5.1,1,61.9,53.4,1
10,2,9,1,4,1,3.3,3,70.5,49.2,1
1,1,8,0,0,0,2.2,2,46.2,41.6,0
8,2,3,2,3,1,1.3,2,62.3,45.6,0
7,4,6,3,0,4,6.3,1,55.3,61.3,0
7,2,3,2,1,2,1.5,2,63.0,59.2,1
3,1,4,4,4,4,5.1,3,52.2,61.3,1
1,5,1,3,3,1,1.7,2,47.2,48.4,0
4,0,5,3,5,3,1.4,4,62.3,53.1,0
9,3,1,2,0,4,1.9,4,70.2,60.4,0
5,2,1,4,5,3,1.1,2,57.4,50.5,1
1,1,10,0,5,1,4.1,2,54.2,35.5,0
5,3,7,2,5,2,2.1,3,59.0,51.2,1
8,3,6,0,0,3,0.8,4,55.2,38.2,0
8,4,2,2,1,1,6.9,2,69.0,63.9,1
5,3,2,0,0,3,1.5,3,54.7,42.5,0
9,5,7,2,2,4,2.4,3,67.9,58.9,1
1,1,1,3,4,1,7.1,2,54.9,53.4,1
4,1,2,1,0,4,2.9,2,53.1,53.5,0
3,2,8,3,0,0,0.4,3,42.7,54.2,0
2,2,6,0,1,1,8.4,2,59.0,60.8,1
8,2,2,4,2,3,3.0,1,66.9,58.8,1
7,5,7,3,0,0,1.2,2,62.0,57.3,0
9,3,4,1,4,4,0.4,2,63.3,65.4,1
2,3,2,0,4,4,4.7,2,53.2,31.3,0
4,4,6,3,0,3,2.9,3,50.8,47.5,0
6,5,9,2,5,0,2.3,1,71.2,51.8,1
11,2,9,4,5,2,6.7,2,82.1,97.9,1
3,0,8,0,2,3,4.7,2,61.1,39.1,0
8,4,3,3,4,4,0.5,2,67.5,69.0,1
3,0,3,0,5,1,1.1,2,54.6,39.3,0
2,3,2,2,4,0,0.9,2,54.1,35.5,0
3,4,5,1,2,2,4.1,2,50.1,68.0,0
11,4,4,3,2,1,0.1,2,65.8,69.5,1
6,1,7,0,5,0,2.5,2,58.1,52.2,0
2,3,4,0,0,3,4.3,2,45.5,46.5,0
8,3,9,0,3,3,6.3,3,75.5,64.5,1
1,5,2,1,1,0,1.3,2,46.2,53.3,0
7,4,6,0,3,2,5.2,1,69.4,69.3,1
2,3,7,4,3,0,0.4,3,49.2,43.1,0
10,4,4,4,4,1,5.6,2,76.4,93.2,1
6,5,6,0,2,1,0.4,2,46.2,40.8,0
2,5,7,4,4,3,1.5,2,50.4,54.0,1
2,1,4,3,5,0,4.8,2,60.2,44.0,0
10,4,8,4,1,3,0.5,3,53.5,77.1,1
8,3,9,0,5,2,0.8,3,55.8,49.3,0
2,3,1,2,0,1,3.8,2,51.9,40.9,0
7,4,7,3,1,4,3.8,2,58.9,73.2,1
3,4,9,1,4,4,3.1,2,57.5,56.6,0
8,4,10,0,4,0,3.6,3,71.3,66.7,1
7,2,5,1,5,0,2.3,3,60.5,44.6,1
8,3,2,2,4,4,0.9,1,61.5,69.6,1
7,5,10,1,4,0,1.3,2,71.3,51.2,1
11,3,6,0,3,1,0.6,2,64.7,72.9,1
6,2,7,0,0,2,7.2,1,57.4,62.3,0
7,4,2,2,3,2,2.6,2,57.8,61.0,0
5,1,2,0,4,3,1.5,2,53.9,45.3,0
7,4,10,2,2,1,1.9,2,64.8,57.8,0
1,4,10,2,3,0,8.8,3,43.1,50.6,0
1,2,1,0,4,0,0.5,4,45.2,25.9,0
9,3,4,4,4,3,2.6,2,70.1,68.7,1
5,4,7,2,0,3,2.1,2,59.4,61.6,0
5,3,9,0,5,0,2.8,3,55.9,37.8,0
3,0,3,4,1,0,0.1,1,36.3,61.0,0
5,5,7,2,3,1,6.2,2,57.6,61.6,1
3,3,7,4,3,3,8.1,2,65.4,71.5,1
9,1,7,3,3,1,2.5,2,66.8,73.3,1
9,5,2,3,4,0,3.6,2,61.5,75.9,1
6,1,6,4,0,4,7.7,1,60.3,73.0,1
1,4,2,2,4,4,3.7,2,62.0,46.5,0
7,5,6,0,4,0,0.5,2,62.7,54.7,0
7,3,10,1,5,3,2.6,2,67.8,48.3,1
10,5,3,0,2,4,2.8,2,67.5,51.7,0
10,4,2,1,0,3,1.7,3,62.0,58.2,0
4,2,6,1,3,4,4.0,2,49.7,52.7,0
8,1,2,2,1,3,8.2,2,66.0,85.2,1
6,4,5,4,3,4,7.8,2,66.3,73.4,1
4,2,2,0,4,3,1.8,2,53.6,57.2,0
4,5,3,4,0,1,0.4,2,48.5,58.3,0
2,5,3,3,0,3,12.6,3,54.4,64.9,1
2,4,6,2,0,1,5.5,2,45.5,59.9,0
4,3,6,2,2,1,0.4,1,41.8,46.0,0
5,5,10,3,3,0,7.6,2,67.2,68.5,1
8,3,3,0,2,1,6.1,2,72.4,51.7,0
6,3,3,3,5,2,2.2,2,61.8,48.9,0
4,3,1,0,1,1,2.7,2,55.2,48.7,0
11,0,7,1,5,3,1.5,2,73.1,71.5,1
7,2,8,2,4,1,0.2,2,45.5,68.4,0
8,2,2,0,2,3,1.2,2,59.1,46.5,0
2,5,4,4,2,3,4.9,2,50.7,68.0,1
7,5,10,4,5,2,0.0,2,63.5,70.7,1
2,3,7,2,4,1,1.2,2,52.7,40.8,0
2,0,8,3,0,1,1.5,2,37.6,58.0,0
8,3,1,3,4,4,2.3,2,74.9,71.3,1
2,0,4,0,3,4,7.6,2,57.9,56.6,0
11,3,6,3,5,0,1.3,4,72.4,85.5,1
9,1,3,2,4,3,1.3,3,71.2,69.5,1
1,1,5,0,0,2,4.0,2,43.3,24.8,0
9,4,10,1,4,4,1.8,1,82.9,61.5,1
1,3,9,3,2,1,0.8,1,42.1,33.4,0
10,5,3,3,1,0,1.8,2,64.3,69.8,1
10,2,5,0,2,2,0.5,1,58.2,56.5,0
2,4,8,4,1,1,0.6,2,48.0,46.0,0
6,5,6,3,4,1,2.1,3,63.2,52.0,0
6,1,4,2,3,3,1.6,3,56.1,51.2,0
1,3,8,3,4,3,7.4,2,53.1,53.9,0
7,4,3,1,0,4,1.4,2,44.6,52.5,0
8,3,3,3,4,4,2.6,2,69.0,65.9,1
2,1,4,4,1,1,3.0,3,38.1,58.5,0
8,4,9,3,2,1,0.0,3,65.5,58.4,0
9,1,5,0,3,4,3.3,3,59.6,67.3,1
6,0,8,3,4,4,0.6,2,58.0,56.3,1
5,1,6,4,4,1,9.7,2,65.3,80.5,1
9,3,3,0,2,2,0.5,1,60.7,51.2,0
11,2,8,2,3,1,1.6,2,69.3,86.6,1
9,1,9,0,5,2,0.3,2,70.4,56.3,1
1,5,8,1,4,2,16.0,2,62.0,76.2,1
11,2,4,0,4,1,2.1,2,67.8,56.4,1
3,0,6,2,5,0,2.7,2,64.0,46.3,1
9,4,1,3,1,4,0.2,1,61.6,61.6,0
11,4,4,0,1,3,4.2,1,52.9,82.3,1
2,2,8,0,0,1,0.7,1,42.7,34.8,0
4,4,1,0,2,2,6.8,1,52.9,46.6,0
4,1,3,0,3,1,0.7,1,48.8,50.3,0
2,2,1,2,4,4,0.6,2,49.0,43.6,0
3,3,9,4,4,2,0.1,2,61.1,50.2,1
3,1,2,4,0,3,1.9,4,38.2,50.7,0
1,1,9,0,4,3,2.5,2,42.5,40.4,0
6,1,4,2,2,3,0.2,2,56.2,59.8,0
8,3,2,2,0,0,4.5,2,59.2,70.6,1
3,0,4,0,2,2,1.8,3,56.6,37.4,0
5,5,10,1,0,2,2.2,2,47.2,43.1,0
1,4,6,0,4,0,1.7,2,57.1,20.0,0
10,2,7,1,0,2,1.5,2,59.4,54.6,0
7,0,3,0,1,0,2.5,2,59.8,49.3,0
10,2,3,1,3,1,0.5,3,75.0,59.0,1
1,4,10,1,4,4,0.6,2,47.1,35.2,0
11,3,8,0,5,3,5.9,3,86.9,87.8,1
9,1,5,1,3,0,8.8,3,71.8,75.2,1
8,1,4,3,4,0,1.4,2,66.1,54.4,1
7,3,7,4,3,0,0.9,2,50.7,67.8,0
10,0,7,2,1,1,3.1,2,61.1,70.3,1
7,0,9,1,3,0,1.6,3,53.9,46.5,0
5,2,9,1,0,4,0.1,1,53.4,48.2,0
5,3,5,2,3,4,0.5,4,64.7,54.1,0
11,0,8,1,4,3,3.8,2,72.7,75.0,1
5,3,10,2,5,1,3.2,2,58.7,42.9,0
1,4,1,0,5,4,0.1,3,41.9,37.2,0
8,1,9,3,2,2,0.8,2,60.3,71.7,1
11,1,8,3,3,2,0.8,2,64.3,82.6,1
1,1,6,4,5,2,3.3,2,51.4,43.9,0
4,3,3,1,3,0,0.1,2,61.2,42.6,0
9,3,3,4,5,0,0.3,2,66.0,66.8,1
9,2,8,0,3,2,4.8,2,73.1,65.9,1
5,1,5,3,4,3,0.6,2,57.2,52.9,0
4,2,10,0,3,3,3.2,4,47.9,40.7,0
3,1,7,0,4,0,0.8,4,41.8,40.5,0
3,2,5,1,4,2,0.3,1,55.0,39.2,0
5,2,8,0,2,3,0.8,3,62.5,47.9,0
10,4,10,3,5,0,3.8,1,77.2,66.8,1
1,2,10,4,0,2,5.8,1,49.7,49.8,0
5,3,4,3,4,1,5.3,1,58.6,71.8,1
6,2,2,1,5,2,1.5,4,69.1,67.1,1
7,1,3,3,1,2,3.3,3,63.9,76.7,1
9,2,8,2,3,4,0.7,2,59.2,60.2,1
3,0,7,4,1,4,1.0,2,48.9,60.8,0
2,5,2,2,3,1,6.8,2,46.5,49.4,0
3,1,6,2,2,1,0.0,2,51.0,48.1,0
9,0,9,1,4,2,0.3,2,61.8,52.4,0
7,1,4,0,0,3,0.7,2,44.1,57.6,0
9,3,9,2,4,1,0.1,3,67.3,67.5,1
2,5,2,3,3,2,0.6,2,37.2,61.1,0
5,5,2,0,0,0,2.6,3,52.0,45.6,0
4,3,9,3,4,4,1.6,2,49.5,64.5,1
2,5,7,3,0,3,6.7,2,41.4,61.1,0
9,3,7,0,3,2,5.1,3,70.3,62.2,1
9,0,1,0,2,0,1.3,3,60.6,57.1,0
6,4,6,3,2,4,0.9,2,63.3,69.0,0
11,1,7,1,4,0,1.4,2,63.6,62.7,1
6,3,6,4,1,2,2.7,3,63.0,63.3,1
8,1,6,4,3,1,0.9,2,54.7,51.2,0
6,0,2,1,4,4,2.9,1,68.1,52.8,1
1,4,6,0,4,0,1.6,2,56.2,37.2,0
4,0,4,3,2,1,2.4,3,54.3,49.5,1
7,5,9,4,0,3,1.7,3,48.2,57.5,0
2,1,1,3,3,2,1.0,3,39.3,34.4,0
9,4,8,1,0,2,8.9,2,56.4,67.9,1
8,5,5,3,5,4,4.3,1,82.7,78.2,1
8,4,1,1,5,0,0.5,2,64.0,43.9,0
7,5,4,0,3,3,6.1,3,60.4,64.0,1
4,0,1,1,1,4,2.0,1,42.4,53.3,0
2,3,6,1,5,4,6.7,2,63.0,67.8,0
3,1,2,4,2,0,4.8,1,51.5,67.5,0
6,2,5,3,1,3,1.7,2,41.7,65.2,0
5,2,7,4,4,0,0.1,3,61.3,59.2,1
8,0,2,2,5,2,0.9,2,68.5,58.7,1
6,1,6,1,2,1,2.3,4,67.7,58.7,0
6,1,6,2,4,2,3.0,1,69.6,66.2,1
1,0,5,4,1,2,0.9,3,25.0,49.3,0
4,1,5,3,3,4,0.5,3,60.5,60.4,1
5,3,3,4,4,2,5.4,2,71.4,86.4,1
11,0,10,3,0,3,12.5,4,73.5,91.0,1
3,3,10,3,3,2,2.2,2,49.9,52.7,1
9,1,2,0,3,3,0.6,3,65.6,52.9,0
1,0,7,1,1,0,1.0,3,35.0,38.7,0
6,1,1,4,1,4,0.1,3,49.3,67.7,0
6,0,6,3,2,3,7.4,2,70.3,69.4,1
10,1,6,4,2,2,0.4,2,65.7,71.0,1
5,3,3,4,0,4,2.6,2,45.9,59.4,0
5,3,2,3,3,4,1.0,2,61.1,58.2,0
10,1,2,2,0,3,2.4,3,62.5,62.8,0
5,0,9,1,0,3,3.2,3,52.4,43.1,0
6,2,5,1,1,1,5.3,3,55.6,61.2,1
8,3,7,0,0,1,0.7,1,53.6,65.1,0
2,3,5,0,0,4,0.0,3,34.8,33.0,0
6,5,7,0,4,1,0.4,3,47.2,38.5,0
1,2,4,1,2,2,6.9,3,50.9,61.8,1
4,1,8,2,2,0,6.2,2,57.4,58.5,1
10,0,10,1,3,4,2.7,1,69.4,70.0,1
3,5,10,1,2,0,2.8,1,58.0,40.9,0
9,1,7,1,5,1,3.3,2,68.3,62.0,1
3,4,10,1,3,3,0.6,2,47.8,51.8,0
6,3,5,2,4,4,7.4,4,73.9,66.2,1
1,4,6,0,2,1,1.6,2,40.1,36.4,0
6,3,5,4,4,2,1.4,2,61.3,51.2,1
4,3,7,0,2,4,2.2,2,49.6,49.5,0
8,4,2,0,2,4,0.1,3,56.4,44.8,0
11,4,5,4,4,3,0.5,3,74.6,80.3,1
9,1,10,1,0,4,4.0,3,58.6,64.7,0
4,5,3,2,0,3,0.3,2,48.9,49.5,0
10,5,9,2,0,1,2.8,2,49.4,72.4,1
10,4,6,0,5,2,0.8,3,62.2,59.1,1
6,1,10,4,0,2,1.5,2,36.5,73.7,0
1,5,3,3,2,4,1.0,2,36.7,55.8,0
4,1,7,1,1,4,1.3,2,59.4,37.4,0
7,1,4,0,4,1,3.8,1,66.0,53.2,0
1,3,3,2,1,3,1.1,2,37.0,47.3,0
8,5,8,4,5,2,2.5,1,73.6,61.9,1
10,5,4,4,1,3,1.9,2,68.0,61.5,1
11,3,1,0,3,1,3.3,2,64.3,58.1,1
6,4,6,3,0,2,8.3,2,75.6,69.6,1
5,3,10,2,5,2,4.0,2,66.1,28.2,0
10,5,1,0,2,0,0.7,2,65.5,48.5,0
11,5,5,3,0,1,0.1,1,62.3,55.7,0
9,4,7,4,0,1,0.9,2,59.1,76.2,1
2,3,6,1,1,0,2.7,2,42.2,49.9,0
5,0,2,2,3,3,0.2,2,66.4,51.7,0
6,0,4,2,0,0,2.1,2,49.6,56.4,0
7,4,2,3,4,1,2.7,1,70.2,66.7,1
5,3,1,0,4,3,1.2,3,55.0,37.7,0
9,3,3,4,0,2,4.4,2,57.5,83.2,1
1,1,3,3,1,0,0.3,2,51.6,44.3,0
7,5,7,1,1,3,0.2,1,52.6,57.8,0
10,2,1,1,2,3,3.9,4,67.7,71.7,1
7,4,9,1,5,3,2.1,2,67.7,58.4,1
4,2,6,3,5,0,3.5,2,77.2,59.0,1
9,2,4,4,5,2,1.7,2,82.9,71.3,1
11,4,3,2,3,3,0.8,3,75.7,65.6,1
5,3,3,0,1,0,5.1,3,73.3,55.1,0
4,4,2,2,2,1,4.8,2,50.4,57.1,0
7,2,2,4,4,0,3.6,2,69.7,64.5,1
4,5,10,2,5,0,1.0,1,58.2,53.0,1
3,5,5,3,4,0,2.7,3,45.0,54.8,1
9,5,9,1,4,3,1.3,2,69.6,66.9,1
11,3,2,4,0,0,0.3,2,56.7,59.3,0
8,0,2,4,3,1,7.5,3,80.5,77.7,1
1,4,6,2,2,3,0.4,3,40.5,35.2,0
7,5,10,3,3,1,9.0,4,68.7,70.6,1
9,4,2,2,0,4,1.8,3,66.7,66.6,1
8,5,4,2,2,0,0.6,4,58.1,48.1,0
8,3,6,4,2,3,2.3,2,68.1,69.1,1
6,0,5,2,1,3,6.2,3,62.5,63.4,0
11,0,1,1,3,0,4.0,3,75.3,60.8,1
4,5,6,2,3,2,4.9,2,57.2,57.0,1
8,3,1,1,1,2,3.2,1,63.0,54.0,0
3,1,3,4,4,1,3.5,4,56.1,73.2,1
9,4,10,3,0,0,5.7,2,58.5,81.6,1
2,4,5,1,3,0,0.9,3,47.6,40.5,0
2,2,10,3,1,4,2.0,1,52.7,46.1,0
7,3,5,3,2,2,0.8,1,59.7,62.9,1
10,2,10,1,5,2,13.2,2,93.9,87.6,1
4,5,6,4,1,0,8.7,2,59.3,71.4,1
10,2,10,0,5,1,0.1,2,58.1,48.1,0
8,0,8,3,4,0,3.7,2,60.8,65.6,1
9,4,5,3,0,1,7.8,1,64.7,77.6,1
7,2,1,4,5,2,0.6,2,57.0,64.6,1
5,0,5,4,4,4,2.5,2,56.6,63.2,1
8,3,3,2,5,3,7.4,2,72.9,75.5,1
4,2,4,4,2,2,0.1,3,45.8,63.6,0
2,5,8,3,2,1,3.6,2,58.4,59.0,0
11,5,7,1,2,0,1.1,1,65.5,67.0,1
6,5,5,0,2,2,7.7,2,70.4,50.1,0
9,4,2,2,1,4,10.6,1,74.2,86.9,1
1,2,6,1,2,1,8.7,2,63.7,57.3,1
11,3,6,0,2,0,1.9,2,73.2,59.2,1
10,2,10,0,1,3,5.9,3,64.9,65.9,1
7,4,10,0,2,1,5.6,3,75.5,58.0,1
10,0,6,1,4,0,1.2,3,66.0,57.5,1
9,4,9,2,4,3,5.3,2,73.9,56.8,1
10,5,8,2,3,0,0.1,2,66.9,54.4,1
9,0,8,0,4,3,2.7,2,71.8,51.1,1
10,5,1,1,0,3,0.8,3,63.0,46.1,0
11,1,5,0,0,3,0.4,4,55.2,50.4,0
3,4,7,4,0,0,0.2,2,46.2,59.9,1
11,4,6,2,1,3,3.6,1,70.5,74.3,1
5,3,5,3,4,1,1.2,2,57.9,48.4,1
8,2,8,0,0,4,3.9,3,57.3,52.1,0
8,0,3,4,3,4,0.2,3,55.6,73.0,1
4,0,6,2,1,3,1.1,2,50.9,57.5,0
11,3,5,1,3,4,2.3,4,66.2,65.7,1
11,3,8,2,4,4,4.7,2,77.7,81.2,1
1,2,4,1,2,3,1.2,3,43.3,32.7,0
1,5,8,1,3,3,2.9,4,41.1,42.9,0
4,2,10,0,2,1,6.5,3,53.0,41.4,0
6,4,2,0,1,2,2.9,2,57.4,47.6,0
8,5,9,2,3,0,0.8,2,58.1,58.6,1
6,1,9,4,3,3,0.1,2,52.5,47.3,0
9,2,10,2,5,3,6.1,2,71.9,74.7,1
9,3,10,3,1,4,0.1,3,53.0,68.4,1
2,5,6,1,1,1,6.2,1,61.1,56.8,0
10,2,4,1,0,4,2.3,2,53.7,78.9,1
1,0,4,0,4,3,8.4,3,68.6,50.5,1
2,1,6,4,3,3,4.8,1,52.1,57.2,0
5,4,5,0,3,4,16.0,2,73.6,60.1,1
4,0,6,3,1,3,1.3,2,50.5,55.6,0
4,0,7,2,1,2,4.4,2,53.2,58.8,0
9,1,7,2,4,0,1.5,2,65.9,52.8,1
11,4,9,4,1,0,2.0,3,66.0,73.3,1
8,3,8,0,2,0,3.0,2,62.3,55.4,0
6,5,6,0,2,2,6.2,3,61.2,59.9,1
1,4,6,3,5,3,12.4,2,73.9,71.4,1
2,2,5,2,2,4,4.4,2,42.3,46.1,0
6,0,1,0,2,1,1.6,2,50.1,49.3,0
11,2,9,4,4,3,1.6,1,66.9,78.5,1
2,3,9,2,3,2,4.0,2,46.6,48.0,0
10,2,9,3,2,2,0.8,1,63.7,64.0,1
5,4,8,4,5,0,0.4,2,62.1,62.1,1
5,2,10,1,1,3,1.3,2,38.7,47.1,0
6,3,3,3,2,0,1.0,2,51.9,48.9,0
6,3,1,4,5,1,1.1,2,60.4,70.5,1
6,3,8,0,4,0,0.8,3,57.7,38.8,0
2,4,7,1,1,1,0.1,3,34.4,38.1,0
10,3,5,3,5,2,0.1,1,67.7,67.8,1
3,0,10,0,2,0,13.2,2,60.9,64.4,1
6,3,7,1,3,0,1.7,4,56.2,52.7,0
8,2,10,2,1,4,1.5,1,47.0,39.0,0
11,5,4,0,1,2,3.4,4,64.9,58.7,1
1,2,9,4,3,4,0.7,1,41.5,49.9,0
1,5,10,3,1,1,9.0,3,51.6,58.4,0
11,2,2,1,2,1,4.6,2,73.0,72.9,1
2,4,9,0,1,2,0.3,3,42.1,42.7,0
11,2,9,2,2,1,1.6,2,71.4,71.0,1
6,4,5,3,3,2,6.3,2,63.0,61.8,0
9,4,1,3,0,1,8.7,1,71.5,74.9,1
4,3,7,0,3,3,1.9,2,60.9,54.8,0
3,0,10,2,2,0,2.9,3,52.5,48.4,0
8,5,10,1,4,3,0.5,2,63.3,53.8,0
11,3,4,0,3,2,14.2,3,90.5,86.6,1
10,3,9,1,4,2,0.8,2,70.0,68.6,1
9,4,6,3,4,3,8.6,3,83.7,72.1,1
11,4,3,1,2,0,3.1,2,73.7,63.2,1
5,5,6,2,2,0,2.8,4,60.0,43.3,0
9,2,10,4,0,4,2.2,4,58.3,68.3,1
2,2,6,2,5,1,0.8,2,55.1,47.4,0
3,3,5,1,1,4,0.6,3,46.9,39.5,0
7,1,2,0,3,0,0.7,3,51.8,61.2,0
7,1,10,3,2,3,0.6,2,62.7,59.9,1
6,2,10,4,3,1,4.5,2,52.5,66.5,1
6,1,2,0,5,3,1.3,1,66.9,44.9,0
2,2,7,0,5,4,0.2,3,53.8,25.8,0
10,4,2,2,4,2,10.4,2,80.9,80.1,1
6,3,6,1,1,3,6.5,1,62.7,62.6,1
4,0,5,2,0,4,7.9,2,58.1,60.4,0
3,3,4,1,3,4,15.8,2,65.0,71.1,1
11,2,7,2,1,4,0.6,3,71.1,60.8,0
2,2,8,0,0,2,1.5,4,42.1,29.0,0
1,3,4,3,3,2,4.3,2,65.0,49.9,0
11,5,1,1,1,2,3.6,1,71.8,69.0,1
11,2,1,4,2,1,0.5,3,65.2,71.2,1
5,1,1,4,3,2,5.1,2,57.0,67.1,1
2,1,1,0,1,2,0.8,2,42.4,41.8,0
2,2,5,2,5,2,0.8,2,53.9,48.8,0
7,2,4,2,0,3,2.3,2,62.7,64.7,0
8,5,9,0,1,2,2.7,2,66.5,61.9,1
10,1,3,4,2,1,2.6,3,68.6,77.2,1
8,2,7,4,3,4,0.3,2,71.1,67.0,1
4,2,8,2,3,3,6.3,3,48.6,71.9,1
1,5,6,1,3,0,0.9,2,48.9,43.2,0
11,5,10,3,2,2,0.4,2,72.4,62.8,1
7,3,1,1,0,4,6.6,3,63.6,49.8,1
1,5,8,4,3,4,9.3,2,50.7,61.6,1
11,0,10,1,0,3,5.9,2,76.5,76.1,1
4,1,3,3,1,0,5.0,2,58.3,66.2,1
8,3,8,1,5,1,3.2,2,72.0,50.5,1
2,0,4,1,5,4,2.4,3,56.0,47.9,0
6,2,8,1,0,4,0.3,2,60.6,56.9,0
6,2,1,1,0,4,1.6,3,53.2,55.6,0
9,3,3,0,5,4,1.4,1,67.9,57.9,1
5,5,6,4,3,3,0.9,2,50.0,57.2,0
10,2,9,3,4,0,3.9,4,77.3,69.2,1
4,4,2,4,4,4,2.1,3,62.8,63.2,1
5,3,1,0,2,1,0.3,2,51.7,47.0,0
10,0,10,0,5,1,0.7,2,67.3,54.1,1
11,3,3,0,5,2,3.4,2,84.9,81.5,1
5,1,4,0,2,4,0.2,2,46.0,32.4,0
8,5,5,1,4,4,5.7,3,83.0,62.2,1
10,5,3,4,1,4,2.1,3,58.2,67.3,1
8,3,10,2,3,4,2.0,2,55.4,63.2,0
2,2,2,3,3,4,2.7,3,44.0,36.7,0
7,2,2,0,1,1,5.2,2,54.1,65.8,0
8,4,7,4,1,0,1.3,2,55.6,73.3,1
11,4,9,0,4,0,3.4,2,71.5,65.5,1
6,5,10,0,2,2,2.5,4,63.1,47.3,0
5,4,2,0,1,1,0.9,3,55.2,49.2,0
11,0,7,0,2,4,6.3,2,72.3,71.2,1
9,4,7,0,0,0,4.8,2,80.6,67.8,1
3,0,7,3,3,3,3.2,3,52.5,52.9,0
10,4,3,4,4,3,5.7,2,74.9,78.0,1
4,5,7,0,3,3,6.1,2,52.7,58.5,1
9,5,1,0,4,4,3.7,4,69.9,63.6,1
6,0,10,0,0,4,5.4,3,58.1,53.6,0
8,3,1,0,3,2,3.6,2,58.4,59.0,1
7,5,5,1,0,2,3.4,2,52.5,58.4,0
11,3,2,1,4,2,2.9,2,75.5,69.5,1
2,2,9,2,1,3,4.2,2,45.0,58.4,0
3,0,7,0,3,4,0.5,4,45.5,36.0,0
1,5,4,2,0,3,6.4,2,51.5,46.5,0
9,1,4,3,5,2,6.2,3,68.9,76.0,1
7,2,2,2,3,4,0.1,2,51.5,50.9,0
1,3,5,4,3,1,5.2,2,53.6,49.6,0
3,5,4,1,3,0,0.4,1,54.8,48.7,0
4,0,1,1,2,0,1.2,3,52.5,43.7,0
4,4,8,0,0,2,4.1,2,48.6,34.3,0
5,1,3,0,0,3,0.5,2,45.0,49.4,0
3,3,6,3,3,1,5.1,1,62.8,54.1,1
3,2,4,3,1,4,5.4,2,57.3,61.7,1
1,0,9,4,3,3,2.1,1,48.2,57.9,0
7,1,7,0,2,2,0.0,2,53.8,48.9,0
11,0,9,0,4,3,1.0,2,70.9,45.1,0
10,5,10,3,2,2,2.9,2,62.0,56.9,1
1,4,3,3,1,0,11.9,2,56.7,59.7,1
2,2,1,3,3,0,3.0,2,48.5,50.5,0
4,0,5,1,0,3,0.9,2,44.5,53.5,0
4,3,3,2,5,1,3.0,2,58.1,54.5,1
5,5,6,2,3,4,2.3,2,60.1,72.0,1
11,5,8,0,1,2,4.5,3,73.4,55.2,1
2,2,4,1,0,4,0.3,2,37.6,40.0,0
4,5,5,3,2,0,4.3,2,50.4,55.1,0
1,3,5,0,4,1,2.3,2,55.0,38.4,0
2,0,4,1,4,1,9.9,3,65.3,68.6,1
1,2,4,4,3,4,1.3,3,44.4,61.5,0
10,5,4,1,2,0,3.0,2,74.8,64.3,1
10,5,4,0,5,4,8.1,2,78.2,75.5,1
4,3,4,2,5,3,0.3,2,44.8,49.1,0
4,4,5,3,1,1,8.3,4,54.5,57.9,1
7,4,2,4,4,1,3.5,3,75.4,67.9,1
10,5,2,1,2,3,0.2,2,60.4,55.3,0
11,0,9,0,3,0,1.1,3,65.2,59.0,1
11,2,2,0,0,1,3.7,3,64.9,58.2,0
9,5,6,3,3,2,0.2,2,68.7,64.5,1
9,1,2,0,3,2,2.6,2,65.7,59.4,0
5,2,5,0,2,0,1.3,2,56.5,49.7,0
10,4,4,3,4,3,2.9,1,70.2,72.9,1
1,5,7,4,2,4,0.1,3,46.0,58.2,0
1,3,7,2,0,0,6.2,2,47.5,65.9,0
6,1,6,2,2,4,10.9,3,67.1,68.8,1
2,5,10,1,1,0,10.4,4,59.1,64.0,1
8,0,5,4,3,2,4.2,1,63.1,86.3,1
9,1,1,1,4,3,0.4,2,57.2,63.7,0
4,5,3,2,5,2,4.3,3,62.6,59.7,1
5,0,9,3,0,3,0.1,3,38.4,40.4,0
11,1,1,0,5,4,0.1,3,75.4,53.7,1
8,0,5,2,3,0,1.2,2,61.6,56.2,0
3,0,2,4,2,1,2.0,2,58.2,64.8,0
5,1,4,2,5,1,4.4,2,63.1,52.3,0
3,1,1,4,1,3,3.4,4,49.2,57.1,0
10,0,3,4,2,3,1.8,2,55.8,78.1,1
3,4,10,4,3,2,1.0,3,43.9,47.8,0
3,1,7,1,5,1,16.0,2,68.0,71.8,1
7,5,10,3,0,2,1.7,4,59.4,62.0,0
7,2,3,2,5,4,1.8,2,62.8,63.9,1
7,3,4,3,5,1,0.5,2,71.7,63.6,1
10,0,2,0,4,4,4.8,2,58.0,67.9,1
8,0,3,2,5,0,3.5,2,79.7,64.8,1
5,3,9,3,3,2,0.7,2,54.2,42.6,0
5,4,3,3,0,3,0.3,1,48.4,54.4,0
4,3,5,0,3,1,3.4,1,50.1,46.5,0
7,1,2,4,1,2,3.2,2,60.8,72.6,1
10,3,4,2,2,3,1.0,3,61.2,60.8,1
4,0,7,2,5,0,9.0,2,62.7,63.6,1
2,3,7,0,4,1,0.5,1,42.9,36.4,0
4,2,3,4,0,4,1.7,3,39.0,52.1,0
8,5,5,2,4,0,8.6,2,77.8,64.5,1
9,1,1,2,4,3,1.6,4,63.4,65.1,1
3,3,10,2,4,1,3.1,2,46.3,57.0,0
7,0,10,4,5,1,1.5,2,67.4,59.9,1
9,5,10,0,0,0,1.0,2,43.2,52.7,0
11,1,1,2,0,1,12.4,2,85.8,92.6,1
4,0,5,3,4,3,1.6,1,68.1,59.8,1
10,4,10,4,2,0,6.7,1,64.2,82.7,1
3,2,9,1,5,4,0.8,2,61.6,45.3,0
5,4,1,0,5,0,0.7,2,61.7,47.5,0
1,2,1,3,3,0,0.1,2,41.8,48.1,0
3,3,4,2,5,4,3.2,2,56.1,42.7,0
8,1,4,1,4,3,1.4,2,68.6,69.4,1
11,3,2,0,1,2,6.0,2,70.5,70.2,1
8,2,9,4,4,2,1.9,2,49.9,72.6,1
4,2,9,1,0,4,10.3,2,71.8,56.8,1
2,2,2,1,5,3,0.6,1,55.4,38.3,0
8,5,9,3,5,1,6.1,1,73.9,74.1,1
8,0,6,0,3,4,4.5,2,62.5,45.5,1
10,1,8,3,1,2,4.4,2,65.0,67.1,1
4,3,10,3,5,3,5.6,2,72.3,55.5,1
3,3,4,2,3,0,4.3,2,57.1,43.3,0
2,4,2,4,3,3,3.0,2,53.6,55.1,0
9,2,2,1,1,3,0.4,2,50.4,56.2,0
1,2,9,0,4,2,0.1,2,45.3,42.6,0
7,2,1,4,4,2,7.6,2,72.1,67.4,1
5,3,7,4,4,1,2.9,3,64.5,63.3,1
8,4,3,0,2,1,4.8,3,62.3,52.4,1
4,0,3,4,4,4,2.0,2,62.3,45.5,1
7,5,2,2,1,0,0.4,2,46.6,59.3,0
5,1,10,4,2,1,0.4,2,52.0,61.9,1
5,0,6,2,4,2,3.5,3,60.6,59.6,1
9,3,10,1,2,3,1.7,1,53.2,49.8,0
9,5,2,1,1,4,0.7,4,58.0,57.8,0
9,5,10,3,4,1,2.0,2,64.3,70.8,1
6,5,4,2,0,3,0.2,2,57.0,59.0,0
6,2,10,1,5,3,2.6,1,62.2,57.6,0
5,1,9,4,1,1,0.9,2,52.0,64.9,0
9,3,9,0,3,0,4.8,2,62.1,68.6,1
10,3,6,0,3,0,1.1,1,67.6,57.7,1
8,5,4,2,1,4,1.8,2,55.3,63.8,0
7,3,7,3,3,0,0.0,3,53.3,65.1,0
7,1,1,4,1,4,0.2,2,70.2,64.6,1
6,1,4,2,0,2,1.5,2,48.3,63.1,0
5,4,5,0,1,1,2.0,1,50.2,52.2,0
4,4,8,2,4,3,2.7,2,63.3,47.5,1
3,0,2,4,4,4,1.0,2,48.5,44.2,0
3,1,5,1,2,0,3.6,2,54.4,47.5,0
6,1,6,4,3,4,5.9,2,67.6,61.4,1
4,1,5,1,5,4,4.5,2,64.6,52.3,1
6,4,9,1,3,0,0.1,2,69.7,48.7,1
3,5,10,1,1,0,2.0,2,42.2,53.6,0
4,5,1,2,5,1,0.3,3,66.0,51.1,0
9,3,3,0,5,3,0.8,2,71.4,60.8,1
5,5,2,2,3,1,13.0,2,78.4,69.4,1
7,2,3,0,5,1,0.5,2,65.6,59.0,0
10,4,10,4,5,0,2.1,3,83.9,79.0,1
2,1,9,3,4,0,2.9,2,51.8,53.7,0
5,5,9,4,0,3,3.6,2,54.4,50.4,0
9,4,10,2,1,4,2.5,2,68.8,72.2,1
11,5,2,2,3,1,0.0,2,63.4,77.0,1
3,0,3,0,4,3,1.2,3,59.4,39.7,0
9,1,4,2,2,1,2.2,2,63.0,63.7,0
11,0,9,1,5,4,0.3,3,64.7,57.9,1
6,1,3,2,5,1,1.3,1,53.9,42.9,0
4,4,7,0,3,2,0.1,1,50.9,36.2,0
7,3,3,0,0,3,0.2,3,56.7,59.6,0
8,5,7,1,0,0,1.5,2,42.4,63.8,0
6,5,7,0,3,1,0.4,2,57.5,40.4,0
5,2,9,3,3,3,2.5,2,62.6,53.5,0
6,0,2,4,4,3,3.5,2,55.8,80.3,1
5,5,6,2,3,1,4.8,2,57.0,51.1,0
8,4,9,3,2,0,0.7,4,62.0,56.7,1
1,3,2,2,4,0,0.5,4,53.1,37.5,0
11,4,2,3,5,1,0.3,2,81.8,59.1,0
7,0,5,2,5,3,3.0,2,63.9,56.2,0
10,2,10,1,5,0,3.7,2,70.1,61.5,1
10,5,10,0,5,1,0.1,2,79.6,48.9,1
11,4,10,0,1,1,8.3,1,69.6,81.7,1
2,1,8,1,2,1,0.2,2,47.7,30.6,0
9,3,9,3,4,3,2.3,1,81.4,66.2,1
1,4,2,4,4,0,3.7,1,57.3,47.0,0
11,3,5,3,5,3,6.1,2,85.6,77.6,1
10,5,7,0,0,2,3.8,2,70.3,55.3,1
6,1,6,4,4,0,4.9,3,68.6,68.3,1
9,2,6,2,2,3,1.2,2,66.4,64.0,1
1,2,7,4,3,0,5.1,2,50.2,65.4,1
4,1,3,3,2,2,0.3,1,56.1,46.8,0
4,3,3,1,5,4,6.8,2,68.9,67.0,1
9,5,10,2,5,1,2.4,2,62.0,58.1,1
11,4,9,3,1,3,5.1,2,70.8,75.5,1
5,1,8,2,4,2,1.8,4,45.7,65.1,1
5,0,5,4,4,2,3.1,1,64.9,82.4,1
6,3,6,0,4,0,2.2,2,60.2,60.8,0
1,2,10,3,5,0,3.9,2,67.1,48.5,1
1,1,1,1,4,1,0.3,4,50.5,40.1,0
9,2,10,4,0,0,0.2,3,60.6,71.6,1
3,3,1,3,0,3,0.9,3,36.6,52.0,0
4,2,4,1,3,3,0.5,2,56.2,37.4,0
1,1,2,3,4,3,6.2,4,52.6,55.7,0
9,3,7,4,1,4,0.7,1,65.0,64.3,0
8,0,2,3,3,3,11.2,1,70.1,73.8,1
2,1,10,2,5,0,1.2,3,54.4,42.0,0
8,4,2,4,4,0,0.6,3,56.6,67.3,1
7,5,5,3,0,3,4.7,1,58.2,73.4,1
11,1,4,0,1,2,3.2,1,78.7,61.5,1
6,3,8,3,3,2,2.1,1,63.1,58.7,1
1,5,4,2,1,2,2.4,1,43.2,49.5,0
7,1,6,1,4,1,3.8,2,51.3,58.4,1
10,0,5,1,2,4,0.8,4,60.0,62.6,0
7,0,2,1,1,3,16.0,2,79.7,80.3,1
9,4,8,0,1,1,11.0,3,70.8,73.8,1
1,2,2,2,5,2,3.2,3,63.0,37.6,0
2,5,9,4,0,3,0.7,2,40.8,51.1,0
11,3,9,1,4,1,3.4,3,80.8,77.2,1
9,3,3,2,1,0,0.2,2,58.9,61.1,0
9,2,4,3,4,2,0.1,2,63.3,57.3,1
6,0,8,0,0,1,0.9,2,46.7,56.9,0
6,0,9,2,5,0,1.9,2,57.4,60.4,1
4,1,3,2,4,2,6.1,3,69.5,63.3,1
4,4,5,4,0,4,3.9,4,47.1,66.2,1
5,5,8,2,0,2,4.1,2,55.2,48.9,0
3,4,3,4,3,4,1.7,3,48.4,59.0,1
1,4,7,0,5,4,1.3,1,45.1,44.5,0
1,1,8,0,5,4,1.4,3,55.1,31.6,0
7,4,10,3,4,3,13.2,2,75.7,68.2,1
1,2,3,4,2,3,0.1,1,40.0,49.3,0
1,1,2,4,3,4,6.1,2,46.3,57.6,0
3,2,10,1,5,0,2.6,2,55.0,34.8,0
10,1,7,1,0,4,1.7,1,59.7,65.9,0
4,4,9,3,5,1,3.9,3,60.4,61.2,1
4,2,1,0,2,4,2.0,1,56.7,33.3,0
2,2,3,1,1,3,6.2,3,52.1,62.9,0
1,2,5,2,1,3,6.9,2,68.6,57.2,0
3,1,3,0,5,1,1.6,2,59.1,27.2,0
11,3,1,2,5,1,1.0,2,62.7,72.0,1
4,4,7,4,3,2,2.7,3,54.1,64.4,1
3,2,7,0,5,0,7.3,2,64.3,60.6,1
8,5,10,3,2,0,0.7,2,55.0,57.4,0
10,3,8,4,5,0,2.9,2,74.3,80.1,1
1,5,5,4,4,3,3.0,2,47.8,50.2,0
2,4,10,2,2,0,4.0,4,52.3,45.2,0
7,4,5,4,3,2,0.4,2,47.1,56.2,0
4,2,5,1,4,2,3.8,2,66.3,37.0,0
8,2,1,0,4,0,7.2,2,63.9,66.7,1
11,1,10,1,1,1,0.6,3,61.0,60.2,1
3,3,5,2,2,2,0.8,3,43.4,26.9,0
6,3,6,2,4,1,10.7,2,76.0,71.7,1
9,2,1,0,3,3,0.6,1,62.1,61.7,0
1,4,7,4,1,2,5.8,1,49.9,47.8,0
1,2,1,3,4,1,2.0,2,56.9,41.7,0
8,4,2,2,2,0,0.9,2,63.5,61.6,0
3,4,2,0,1,3,6.1,4,53.5,30.6,0
5,2,5,3,2,4,1.8,2,56.4,52.4,0
1,0,10,4,2,4,2.2,2,57.2,52.8,1
5,3,7,2,2,0,1.3,3,57.8,48.0,0
11,5,1,0,1,3,2.7,2,64.0,53.3,0
6,4,10,0,4,3,0.5,2,66.7,37.2,0
8,4,1,0,5,3,1.5,1,69.7,41.4,0
3,0,1,2,0,3,10.5,2,51.5,58.9,0
3,5,6,3,4,4,0.9,3,51.9,57.0,0
11,1,2,0,1,1,3.2,2,57.7,79.8,1
11,0,1,4,0,3,1.2,2,47.3,73.9,0
10,5,6,0,0,1,4.5,2,58.0,68.4,0
9,0,2,3,0,3,0.4,3,56.2,57.2,0
4,4,6,2,5,2,10.5,2,72.8,51.3,1
4,3,10,0,3,2,1.8,2,45.6,56.2,0
7,0,8,0,1,2,0.8,4,39.8,44.8,0
2,1,2,4,5,3,0.2,2,61.1,54.4,1
8,2,9,4,5,1,0.6,2,66.5,66.1,1
6,5,8,0,3,4,2.2,2,68.3,55.9,0
3,0,10,0,0,0,1.2,2,52.4,46.4,0
9,0,1,4,3,4,5.3,2,74.7,78.0,1
5,1,7,3,3,3,1.7,2,56.4,58.8,1
8,3,10,1,5,2,0.9,2,64.0,63.5,1
7,0,6,1,1,2,2.9,2,61.5,53.3,0
8,0,6,0,2,1,3.7,2,62.2,67.5,1
7,3,6,4,3,3,0.5,2,55.2,57.5,1
3,1,6,2,3,4,0.6,1,37.3,46.0,0
2,5,10,2,0,3,0.1,4,39.1,46.6,0
7,5,7,1,0,3,4.0,2,63.0,46.8,0
3,0,3,3,5,2,3.3,4,66.6,63.6,1
3,3,6,1,0,4,1.9,2,44.8,47.8,0
2,0,3,0,4,0,5.6,2,52.4,68.1,0
4,2,7,3,3,2,4.9,2,64.1,73.9,1
8,5,7,2,0,4,2.6,3,56.5,61.7,0
1,4,8,4,1,1,6.1,3,46.6,69.9,1
1,2,2,4,4,2,0.7,1,39.5,53.7,0
5,0,9,0,5,1,0.4,3,71.7,44.8,0
11,1,5,1,2,2,0.9,2,70.0,51.1,1
5,5,9,0,3,3,0.2,2,58.8,32.9,0
11,4,10,4,3,4,2.3,4,64.9,75.6,1
1,2,5,2,1,1,8.3,3,52.6,50.9,0
6,5,7,4,2,2,0.1,4,52.9,60.8,1
1,3,9,3,2,1,0.4,2,47.5,53.3,0
5,1,4,4,5,2,1.8,1,69.4,65.8,1
9,2,2,4,5,2,8.1,2,70.9,76.3,1
5,3,9,3,4,0,1.1,2,51.3,61.5,1
6,0,2,1,3,0,2.1,3,62.8,45.9,0
8,3,3,4,0,0,0.1,2,49.7,56.2,0
11,2,10,0,5,1,0.5,2,77.3,61.0,1
1,2,2,4,1,3,12.9,2,56.9,64.1,1
2,0,3,0,1,2,10.1,2,49.5,48.6,0
9,3,6,3,1,4,0.0,2,46.8,70.0,0
3,3,3,4,5,0,9.1,2,70.7,72.5,1
6,0,10,3,5,1,3.1,3,68.3,58.4,1
5,3,8,3,1,1,6.1,2,63.4,52.6,0
11,5,6,1,5,1,1.8,3,76.4,59.1,1
2,0,7,4,0,4,2.2,1,25.0,66.5,0
7,1,1,0,0,4,2.0,2,56.4,57.9,0
4,2,3,0,4,0,3.3,2,50.0,55.9,0
1,1,3,4,3,4,0.5,3,34.2,49.1,0
4,5,2,1,0,0,0.1,2,32.0,41.2,0
6,5,7,1,4,4,1.1,2,47.4,56.8,0
7,4,9,1,2,4,3.7,2,62.6,66.6,1
7,4,4,0,3,4,0.7,2,54.5,45.4,0
7,4,5,3,0,0,3.4,3,46.3,59.1,1
3,0,3,1,2,2,10.5,3,62.5,49.3,1
6,3,9,0,4,0,0.3,2,52.0,40.4,0
8,5,4,0,0,2,3.3,2,63.5,60.7,0
4,1,5,3,0,1,1.8,3,55.1,49.5,0
8,1,1,4,5,1,6.1,2,72.9,81.5,1
2,1,2,4,2,0,0.6,2,53.5,63.8,0
10,1,9,1,0,2,3.5,1,70.6,65.0,1
9,4,2,1,1,2,5.5,2,66.0,65.7,1
9,1,5,3,5,2,8.7,2,90.7,82.5,1
8,3,8,1,5,1,3.4,3,66.5,55.7,1
10,4,3,3,0,0,2.1,2,48.4,64.7,0
10,1,6,0,5,3,2.9,2,64.5,55.9,1
1,0,4,1,3,2,6.1,3,49.8,39.0,0
2,2,7,0,2,2,2.5,1,51.4,45.9,0
6,2,10,2,3,3,0.1,2,48.9,48.7,0
10,2,3,3,4,0,8.0,2,75.0,87.7,1
5,4,6,2,3,2,3.5,2,51.3,59.5,1
9,1,10,1,1,0,3.4,3,58.5,61.9,0
5,5,9,0,5,2,0.7,3,67.6,49.5,0
2,5,10,1,5,4,3.2,1,58.9,37.7,0
10,5,1,2,1,2,1.5,2,58.3,59.2,0
4,4,3,1,5,4,3.2,2,68.4,54.2,0
9,3,2,4,3,0,0.3,3,63.0,51.7,1
1,0,8,2,4,2,3.2,2,52.8,45.4,0
11,0,7,1,0,1,16.0,2,90.1,93.9,1
1,2,2,0,1,1,0.1,2,37.9,41.9,0
7,2,6,1,3,3,11.3,2,80.4,82.0,1
11,5,3,0,3,1,1.6,2,74.1,59.4,0
3,5,8,4,3,4,6.1,2,57.4,67.9,1
10,2,10,1,0,1,4.6,3,55.5,61.1,0
2,1,3,4,2,1,2.5,2,48.2,50.4,0
9,3,10,2,5,1,4.0,4,80.2,76.3,1
3,3,9,0,5,2,6.3,2,68.5,48.6,0
2,3,1,2,4,3,1.6,2,62.0,45.9,0
8,3,5,0,2,0,1.2,3,56.4,44.9,0
10,2,3,4,5,3,3.3,2,79.1,77.9,1
6,0,6,3,4,4,4.9,3,59.6,69.7,1
6,2,10,1,4,2,4.3,3,65.9,61.3,1
10,3,2,4,3,2,4.8,2,78.3,69.2,1
11,2,9,0,1,1,1.7,2,69.7,67.6,0
7,3,6,0,3,1,5.1,2,66.2,49.7,1
7,4,7,0,0,4,0.4,2,49.4,48.0,0
11,5,5,0,5,2,2.4,2,69.3,50.4,1
6,0,9,1,4,0,0.0,3,56.9,47.3,0
4,4,1,2,1,3,1.2,2,40.2,42.1,0
11,1,5,3,5,2,1.4,2,71.7,67.3,1
9,2,10,1,4,0,1.5,2,56.2,59.1,1
6,1,6,0,4,0,3.6,4,55.6,57.2,1
4,2,7,1,3,3,1.5,1,58.6,51.7,0
3,5,4,4,1,0,1.8,1,51.2,38.4,0
4,4,1,0,1,4,0.8,2,45.8,46.2,0
3,5,8,3,5,0,1.4,4,56.6,52.0,1
2,3,10,0,4,4,0.8,4,51.8,32.5,0
5,5,4,3,1,0,0.2,2,51.6,47.2,0
2,5,3,3,1,1,2.8,3,48.2,50.1,0
6,3,7,2,5,0,3.3,2,57.6,59.6,1
3,2,2,2,3,4,2.9,4,38.8,52.4,0
6,3,8,1,2,0,1.9,2,49.9,50.5,0
11,4,6,1,0,0,1.4,1,60.4,45.9,0
10,5,7,3,2,0,6.0,1,76.7,72.8,1
9,3,5,0,1,4,2.2,2,62.0,48.2,0
1,5,9,4,4,0,2.0,3,53.3,64.4,1
6,4,5,4,0,3,0.1,2,42.9,59.6,0
9,1,5,0,0,3,1.3,4,56.3,59.9,0
11,4,3,0,4,4,1.4,2,71.7,64.5,1
4,0,1,2,0,1,1.5,2,41.6,51.9,0
11,0,2,4,4,3,2.6,2,66.7,73.3,1
2,0,8,3,0,2,2.3,2,41.5,45.8,0
4,5,1,1,5,3,2.8,3,64.5,34.4,0
1,2,7,2,5,2,4.3,2,50.8,48.3,0
3,2,5,4,2,4,5.0,2,52.9,62.7,1
10,2,3,0,0,1,3.8,2,70.8,61.5,0
9,5,7,4,3,2,9.3,2,73.2,84.3,1
10,4,9,3,4,2,0.1,4,67.1,57.2,1
5,2,2,2,0,3,0.7,1,46.3,48.6,0
11,1,8,0,5,2,0.0,3,70.6,53.0,1
6,0,9,3,5,4,3.1,2,75.4,65.8,1
3,4,3,1,4,4,6.8,2,63.7,53.6,0
5,0,2,2,3,4,0.8,4,45.3,46.5,0
11,2,7,3,0,3,7.9,2,80.2,81.0,1
8,4,5,3,0,1,0.2,2,54.5,53.6,0
6,3,5,0,3,3,8.2,2,65.7,57.4,0
4,1,10,1,3,4,1.3,2,61.3,49.9,0
2,2,5,3,3,3,0.3,3,42.7,36.8,0
9,2,4,2,5,4,2.0,2,80.6,62.7,1
1,1,5,3,4,0,0.9,3,49.1,39.4,0
1,1,4,4,3,0,1.0,2,52.2,39.0,0
4,3,6,2,4,2,1.1,2,73.9,62.0,0
7,2,4,2,2,1,4.9,1,63.8,72.0,0
1,5,2,3,0,0,2.3,2,40.1,43.0,0
9,2,9,0,0,4,1.1,4,50.1,52.5,0
4,0,2,2,1,3,2.8,2,49.8,37.9,0
3,4,9,4,2,3,3.8,2,46.0,47.2,0
1,4,10,0,3,2,1.0,3,45.0,26.3,0
10,0,6,0,3,3,1.6,3,84.3,57.6,1
4,4,9,0,5,0,0.4,1,57.6,39.9,0
9,1,9,2,2,3,0.6,3,57.4,62.9,1
10,4,3,0,3,0,3.4,2,68.4,65.9,1
6,4,1,3,1,0,0.6,2,49.1,58.5,0
6,0,1,0,4,1,2.2,2,67.8,41.5,0
1,3,3,4,0,2,3.7,2,42.2,55.4,0
10,4,5,1,2,4,0.3,2,72.2,63.6,1
2,5,3,4,0,0,2.5,2,41.3,50.5,0
11,4,9,2,4,2,0.9,2,69.0,53.2,1
6,3,9,0,2,4,9.9,3,62.6,71.1,1
2,0,3,0,4,3,2.0,4,50.1,39.2,0
3,3,3,3,3,2,4.9,3,46.1,37.4,0
4,0,5,0,3,2,2.4,2,42.1,58.8,0
11,1,2,4,3,2,0.1,2,70.6,68.4,1
5,0,6,2,4,3,3.0,2,50.0,72.0,1
9,1,7,1,4,3,9.1,2,80.8,75.0,1
4,1,9,0,4,2,2.8,2,54.9,43.6,0
11,0,6,1,0,1,5.1,2,72.5,71.5,1
9,5,3,0,4,0,6.5,2,64.2,59.2,1
11,2,5,2,3,3,0.8,2,71.5,66.3,1
10,0,4,4,1,1,0.7,2,62.6,84.4,1
3,4,5,2,4,3,2.8,2,58.0,43.3,0
8,5,8,1,1,2,1.6,2,64.2,60.1,1
1,5,8,0,3,1,5.5,2,53.4,37.4,0
11,4,6,1,4,4,6.9,2,64.9,72.3,1
9,2,1,4,0,0,1.3,2,59.5,82.7,0
9,5,8,2,0,0,0.8,2,57.9,64.6,0
10,1,8,1,1,3,4.5,1,64.9,71.9,1
2,2,2,1,5,0,1.0,3,48.3,40.7,0
4,4,4,4,0,4,5.2,3,49.4,82.2,0
8,2,2,0,0,1,1.7,2,63.8,46.3,0
7,0,4,1,0,1,3.3,1,49.8,45.9,0
1,2,10,4,3,2,0.3,3,34.7,58.8,0
5,1,7,0,0,1,2.9,2,41.6,45.1,0
7,0,9,0,2,3,1.8,2,57.9,53.6,0
4,3,8,2,4,4,2.7,1,67.8,63.8,0
1,4,9,4,0,2,0.6,2,51.3,50.5,0
9,4,8,0,5,3,4.0,3,77.2,75.3,1
5,2,2,2,5,3,6.0,3,61.6,61.2,1
11,5,7,3,0,3,0.7,2,55.0,64.4,1
2,0,2,4,0,0,0.3,2,45.1,33.1,0
8,3,2,3,2,3,0.1,2,65.7,62.7,0
11,0,4,0,0,0,3.1,1,60.0,47.4,0
2,4,1,4,0,1,2.8,4,52.2,56.3,0
3,0,5,2,4,0,2.4,2,53.8,59.0,0
10,3,6,0,5,3,0.8,2,75.0,56.3,1
1,5,9,4,2,4,1.5,3,51.3,50.5,0
11,2,10,4,5,4,2.7,3,66.9,82.8,1
2,1,8,3,2,1,2.1,3,50.2,53.9,0
7,0,2,0,5,3,13.2,1,91.3,79.4,1
10,1,1,2,0,0,0.4,2,54.3,62.7,0
2,4,2,2,5,4,3.6,2,50.9,32.7,0
6,2,7,0,5,2,1.6,2,66.0,56.0,0
3,2,4,0,2,3,1.7,4,49.9,38.8,0
4,0,10,1,1,3,3.8,2,50.0,44.2,0
11,5,5,3,2,2,3.5,4,69.5,76.7,1
8,2,7,0,2,4,14.2,2,68.9,76.9,1
3,0,3,0,2,2,0.4,3,49.6,33.0,0
10,0,10,1,3,1,0.3,2,74.6,50.1,1
6,1,2,1,3,0,3.9,4,57.2,58.7,1
1,2,7,4,3,0,2.6,2,43.6,45.2,0
7,0,5,2,2,4,1.0,2,57.9,57.0,0
8,1,1,3,1,2,0.2,3,72.5,63.6,1
11,3,1,4,2,3,0.3,2,71.2,78.8,1
8,1,9,0,0,3,6.7,2,62.1,77.0,1
3,1,5,1,1,3,0.6,4,45.3,43.8,0
10,0,1,2,3,1,1.2,2,73.5,61.1,1
1,4,7,4,5,1,0.8,2,45.4,59.5,0
9,4,9,2,5,3,1.3,1,72.9,69.2,1
6,5,1,1,4,4,0.2,3,51.8,50.1,0
11,4,10,4,1,1,2.2,2,70.5,77.1,1
9,1,4,4,3,1,0.2,2,60.9,67.1,1
7,5,3,2,1,0,4.8,1,61.4,64.3,0
1,0,5,1,1,0,0.8,2,38.7,36.7,0
1,2,7,0,5,4,2.3,1,57.4,29.9,0
6,1,8,4,2,1,6.4,1,61.7,70.5,1
5,1,2,0,0,1,3.2,2,63.7,60.5,0
9,5,7,1,4,2,2.3,2,76.7,54.4,1
2,0,1,4,3,4,1.2,2,40.8,49.2,0
8,3,7,4,1,4,1.2,2,58.1,59.9,1
11,1,8,0,4,2,3.3,1,78.6,71.6,1
5,3,2,3,1,2,15.4,2,68.9,86.6,1
2,3,9,0,5,0,3.3,2,64.1,31.9,0
10,4,1,0,0,4,2.4,2,67.2,45.3,0
11,0,6,3,5,4,3.9,2,77.1,81.1,1
11,3,1,1,4,2,1.9,3,77.9,55.0,1
6,0,3,1,3,3,0.2,2,41.5,54.6,0
10,4,6,4,1,3,2.5,1,71.4,69.0,1
8,0,3,2,0,0,9.5,1,72.1,78.9,1
4,1,8,2,5,3,0.6,2,50.6,51.1,0
2,3,5,4,4,3,3.5,3,56.2,51.6,0
11,0,2,2,5,3,0.7,2,60.6,59.6,1
5,2,4,0,1,1,2.3,2,47.4,50.7,0
2,0,9,0,1,0,0.3,1,48.9,30.7,0
2,3,4,3,3,2,1.8,2,49.5,56.5,0
6,4,10,3,0,3,4.2,2,54.1,57.3,1
11,4,10,4,2,1,1.3,2,66.4,76.3,1
10,3,8,4,5,3,3.3,3,74.0,72.2,1
9,1,5,4,1,1,4.8,2,70.4,75.1,1
4,1,10,0,4,0,7.9,2,61.9,49.2,0
6,4,1,2,5,3,0.8,2,64.4,52.2,1
7,4,7,4,3,1,1.5,2,53.3,46.3,0
11,3,3,4,3,4,0.5,2,71.9,66.7,1
6,1,10,0,1,4,14.7,2,70.8,67.3,1
8,4,8,0,1,1,7.9,2,66.6,63.6,1
4,1,3,0,1,3,2.3,2,47.6,53.2,0
1,4,1,2,2,3,5.5,3,49.1,44.6,0
7,0,5,4,1,0,2.2,2,50.2,75.4,1
3,2,2,1,5,0,2.9,3,60.5,40.2,0
6,5,4,1,5,2,0.3,2,64.4,41.2,0
2,0,1,4,0,0,4.2,2,37.8,43.4,0
9,5,9,4,4,3,0.4,3,61.8,71.5,1
1,4,6,4,1,2,5.2,2,47.8,56.5,0
6,2,8,4,5,0,4.6,3,64.0,71.1,1
6,2,4,2,5,1,3.7,3,64.9,59.6,1
5,4,9,1,5,4,0.1,1,68.4,46.1,0
5,4,2,3,2,0,1.1,2,46.5,56.9,0
1,1,9,1,4,0,0.9,2,34.7,52.7,0
10,4,5,1,3,1,1.3,4,62.9,57.6,1
5,3,6,0,5,3,0.3,3,56.9,57.4,0
2,4,3,4,1,1,8.3,1,51.4,69.9,1
7,3,4,4,5,0,2.4,2,68.1,68.4,1
3,4,6,4,4,3,1.1,2,47.1,57.4,0
4,1,7,0,3,2,1.5,2,46.5,20.4,0
3,3,1,2,2,0,1.8,1,45.2,45.9,0
3,0,7,2,0,1,2.8,2,41.8,44.8,0
4,3,1,3,1,2,2.2,2,62.3,69.2,1
5,1,5,2,0,4,7.6,1,66.6,60.7,0
1,5,6,2,2,2,2.1,3,35.3,43.0,0
4,3,2,4,4,1,14.5,3,64.0,79.9,1
11,4,10,1,4,2,5.7,3,77.3,62.2,1
8,4,9,2,2,1,0.7,3,70.1,54.3,1
10,5,10,2,5,0,8.0,2,85.5,82.1,1
7,1,6,0,2,3,0.4,2,55.8,33.2,0
9,2,7,3,1,4,5.1,2,62.2,74.4,1
5,4,10,0,3,3,1.4,3,62.1,38.8,0
10,0,8,4,0,3,6.3,3,67.5,89.5,1
4,1,10,1,0,3,6.1,2,63.3,57.2,1
8,3,1,3,4,1,4.9,3,59.9,58.7,1
9,3,8,0,5,1,4.7,2,76.9,58.0,1
7,0,4,2,4,4,1.1,2,58.7,59.6,0
7,4,10,2,1,1,0.3,2,55.8,52.8,0
5,1,8,3,2,1,1.5,1,54.8,56.8,0
4,0,6,2,0,1,0.6,1,47.7,47.9,0
10,4,9,0,1,1,3.6,2,70.7,67.5,1
1,1,4,0,4,0,1.3,2,57.5,37.9,0
10,3,2,2,4,4,11.1,2,95.4,81.7,1
10,1,2,2,0,1,3.1,2,61.7,67.7,1
7,5,5,4,4,4,5.2,2,64.9,63.3,1
1,2,10,1,5,2,0.4,2,43.0,47.0,0
1,1,9,3,4,0,5.9,2,58.7,74.4,1
5,2,3,0,3,1,7.7,2,70.0,54.0,0
9,1,8,3,2,0,2.0,3,54.7,66.9,1
6,2,4,4,4,0,2.8,2,69.3,71.1,1
3,5,6,0,3,2,4.3,2,55.0,52.4,0
3,3,10,4,1,4,0.6,3,37.4,53.8,0
7,4,6,4,4,0,2.1,3,58.5,58.4,1
6,2,3,2,5,3,1.5,3,57.3,67.5,1
9,5,5,3,1,2,0.5,2,52.5,68.6,1
6,2,3,3,4,3,1.4,1,63.7,59.5,0
5,3,1,2,0,2,0.2,2,51.5,44.8,0
10,2,7,3,3,3,0.1,2,74.8,66.0,1
7,5,4,2,3,3,0.4,3,54.4,42.6,0
1,5,7,0,0,0,9.9,2,54.1,55.5,0
7,0,3,4,2,0,2.4,1,55.1,72.7,0
3,3,5,4,5,2,10.1,2,69.4,71.3,1
9,0,5,3,3,4,1.7,2,56.0,59.3,1
6,3,2,1,1,0,1.1,2,45.6,53.7,0
9,2,10,4,5,0,2.1,3,75.3,75.8,1
5,5,2,2,3,1,1.7,3,47.2,47.4,0
7,0,4,1,2,0,0.3,3,59.6,58.1,0
4,2,4,1,1,4,3.1,2,46.9,52.7,0
7,5,4,4,5,1,0.7,2,52.4,60.9,0
1,3,6,4,1,3,2.9,2,28.8,47.8,0
7,5,2,4,0,3,3.2,2,63.9,65.9,1
8,2,6,2,4,1,0.5,3,51.9,51.1,0
5,0,7,1,0,1,0.2,2,45.9,48.2,0
2,0,10,3,5,1,4.6,3,60.9,57.6,1
5,5,3,2,4,2,1.8,2,50.9,61.0,0
6,2,8,0,0,4,0.2,1,45.1,47.4,0
2,1,2,4,4,4,15.8,1,76.0,80.2,1
6,3,8,1,3,3,0.2,2,57.7,46.9,0
6,3,5,2,1,3,3.6,2,53.3,52.3,0
1,2,2,0,4,3,12.3,2,67.1,51.7,1
1,1,7,2,3,0,0.8,3,45.3,51.0,0
11,0,2,2,2,3,0.5,3,59.1,69.8,0
10,4,6,3,0,1,0.4,2,64.8,69.1,0
3,4,10,3,2,3,1.1,3,49.5,37.2,0
10,2,3,2,5,1,0.3,2,58.9,64.8,1
10,1,9,0,3,2,3.5,2,72.9,52.1,1
3,1,3,1,2,0,0.2,3,43.2,32.5,0
4,3,3,1,2,0,2.1,4,50.3,39.3,0
2,0,5,4,3,4,16.0,2,70.9,72.4,1
9,5,7,4,1,2,5.0,2,60.1,81.4,1
10,1,8,1,4,1,2.9,2,82.1,65.2,1
11,5,7,2,5,2,1.1,2,64.4,59.9,1
7,4,9,2,5,0,2.9,2,67.6,55.7,1
7,5,5,3,0,1,2.2,3,56.1,65.5,0
6,0,10,3,4,2,1.7,2,60.9,63.4,1
3,0,3,4,0,0,0.4,2,41.1,53.2,0
6,5,6,1,5,1,6.5,2,68.2,52.2,1
8,2,5,2,4,1,1.8,2,60.5,57.3,1
8,1,4,1,2,0,0.6,2,53.6,71.3,1
11,2,2,0,1,1,1.4,2,70.7,51.5,0
9,5,7,1,2,0,1.6,3,59.6,61.5,1
1,1,5,0,1,3,5.3,1,60.4,56.8,0
1,3,4,3,3,3,4.0,2,54.7,48.2,0
3,2,8,3,0,1,4.4,3,32.2,68.8,0
3,2,9,4,0,1,0.0,2,46.9,46.7,0
10,5,9,1,3,0,1.6,2,66.6,47.6,1
8,4,3,1,4,1,2.0,2,57.2,53.0,0
10,5,3,0,3,4,0.1,2,72.4,49.8,0
1,2,5,3,5,3,0.9,2,48.4,32.9,0
2,1,5,0,3,1,4.3,2,50.2,39.8,0
2,4,10,3,1,1,0.4,3,44.8,53.2,0
3,5,2,0,5,2,2.3,3,64.4,37.5,0
6,5,1,3,3,1,0.7,2,57.5,54.2,0
1,2,8,0,0,4,0.0,1,37.5,42.2,0
2,2,3,3,2,3,0.8,1,41.5,41.8,0
1,3,1,0,1,2,11.2,1,63.2,56.9,0
5,5,1,1,1,0,4.9,2,56.5,42.8,0
7,2,2,4,4,0,9.6,1,73.5,72.1,1
8,0,6,0,2,3,2.0,2,58.5,52.1,0
10,4,6,4,1,0,0.3,3,66.2,78.1,1
1,0,3,1,3,4,2.4,2,46.7,33.9,0
7,4,4,1,1,1,1.8,3,61.8,47.8,0
5,5,2,3,1,3,5.6,3,54.0,65.0,1
10,3,2,4,1,2,0.3,2,64.3,72.6,0
1,2,7,2,4,1,2.0,3,51.5,35.9,0
3,2,1,3,1,0,0.5,3,39.1,45.2,0
7,2,7,4,1,0,1.2,2,54.1,71.2,1
10,5,1,0,4,2,4.0,2,59.9,54.0,0
1,4,6,0,5,4,1.9,2,48.1,38.4,0
7,2,3,1,2,2,1.4,3,48.1,49.9,0
5,0,8,2,5,3,1.5,2,72.7,62.0,1
1,2,6,0,0,2,1.8,2,30.6,39.9,0
1,5,2,4,4,0,4.6,2,69.6,61.0,1
1,3,8,4,4,4,6.7,2,60.3,54.8,1
11,0,5,0,1,4,9.3,2,72.6,80.1,1
9,2,8,4,1,2,4.6,3,69.1,80.4,1
11,2,8,4,0,3,1.1,2,57.0,77.2,1
3,1,6,1,1,0,3.5,3,40.9,45.3,0
5,4,2,2,3,1,1.7,3,56.6,53.7,0
11,0,8,1,1,4,0.9,2,67.2,49.6,0
10,1,6,2,1,2,5.5,2,75.4,84.2,1
9,3,6,4,3,3,0.1,3,65.5,62.5,1
6,4,8,2,0,3,7.0,3,55.5,62.2,0
9,0,1,4,3,0,1.9,2,73.4,60.6,1
8,2,2,4,4,4,3.0,2,74.1,74.2,1
8,0,9,1,3,0,3.2,2,66.6,63.0,0
1,2,8,1,2,1,6.8,3,59.6,46.1,0
9,4,7,3,4,1,3.0,3,82.5,52.1,1
6,2,7,0,1,1,2.9,2,51.7,45.2,0
9,3,5,3,4,3,0.2,3,59.7,66.6,1
3,5,2,3,0,4,2.2,2,41.5,53.7,0
3,2,6,2,0,0,0.5,3,34.2,45.1,0
6,3,10,4,3,0,4.0,2,65.3,63.3,1
9,5,3,4,4,1,2.2,2,58.4,59.3,1
7,4,4,4,1,4,3.4,2,65.6,74.4,1
3,4,10,0,0,4,0.1,2,37.8,27.6,0
3,0,2,2,5,2,0.3,2,62.7,43.5,0
2,3,2,2,1,4,3.8,2,32.2,41.6,0
9,3,8,4,5,4,0.2,2,65.3,73.9,1
3,1,8,3,2,0,0.2,1,39.2,52.5,0
11,1,10,0,5,4,0.0,1,79.9,55.1,1
5,5,6,3,0,4,9.4,3,70.2,74.8,1
9,5,5,1,3,0,4.0,2,54.3,52.8,0
8,1,8,2,2,4,1.3,1,64.8,58.8,0
2,5,4,2,4,0,1.1,2,57.4,36.5,0
3,2,4,3,1,2,1.3,1,48.0,57.5,0
2,1,5,0,0,3,4.5,3,49.6,45.7,0
8,3,1,2,2,0,3.2,3,65.6,67.4,1
6,2,1,3,2,0,0.6,2,59.3,52.7,0
6,5,2,0,0,4,0.6,3,42.5,51.2,0
9,4,8,3,4,0,0.3,3,72.5,55.7,1
8,0,7,0,4,1,3.2,3,68.7,49.0,0
4,1,10,4,3,1,4.3,2,58.7,60.6,1
4,4,9,0,5,2,0.9,2,61.1,35.1,0
9,5,5,1,4,0,0.1,2,57.3,61.1,0
1,3,2,4,3,4,0.3,2,35.8,43.6,0
2,0,7,3,5,4,10.3,2,66.6,56.5,1
2,4,8,4,2,3,1.1,2,55.2,42.4,0
6,0,7,4,0,2,4.4,2,47.7,71.8,1
4,1,7,3,4,4,2.9,2,59.3,38.0,0
11,5,5,3,3,3,1.4,2,64.6,63.5,1
10,3,2,1,2,4,0.7,2,57.9,69.6,0
3,5,6,3,4,3,0.4,3,55.2,46.3,0
3,0,4,2,1,1,2.9,3,53.0,54.7,0
3,4,10,2,2,1,4.5,2,48.6,55.5,0
6,1,2,1,4,4,3.1,2,71.2,52.7,1
8,1,9,0,2,2,2.3,2,63.5,42.5,0
11,5,7,0,0,0,0.1,2,57.9,48.5,0
7,4,6,2,0,2,10.4,3,68.0,63.8,1
4,4,5,3,0,2,4.8,2,63.2,62.5,0
11,0,3,1,5,0,1.0,1,77.8,67.6,1
4,5,10,0,1,1,11.7,3,59.7,55.0,1
11,5,10,0,0,1,2.8,2,63.2,61.9,0
10,2,4,4,1,0,2.6,2,64.2,73.8,1
11,5,3,2,0,3,4.1,1,69.4,72.5,1
11,1,8,3,5,2,5.0,2,80.7,71.7,1
11,0,3,1,2,4,3.2,2,80.4,78.2,1
2,4,7,0,4,1,0.4,1,48.7,40.5,0
1,5,7,4,4,4,1.2,2,38.7,49.2,0
9,0,7,2,0,0,7.9,3,67.9,70.1,1
2,5,7,2,4,4,0.8,2,47.9,37.5,0
8,4,2,1,0,4,1.4,3,45.7,58.8,0
9,3,10,0,0,2,1.7,2,53.1,52.2,0
4,4,3,1,3,0,1.7,2,51.8,47.6,0
8,4,10,1,3,4,2.8,2,71.2,45.3,0
9,4,9,4,3,1,8.6,2,66.3,78.3,1
10,5,3,2,1,0,0.8,2,62.8,62.7,1
10,2,2,3,3,1,0.4,2,78.4,73.0,1
5,4,9,2,0,3,0.7,3,45.9,44.2,0
7,1,10,2,5,4,6.5,2,71.5,55.9,1
10,1,9,4,5,0,3.1,2,78.5,77.7,1
4,0,4,3,2,1,1.0,3,53.4,51.9,0
1,2,9,0,3,4,5.1,2,60.8,29.6,0
3,0,3,3,5,2,5.9,2,62.0,47.0,1
5,1,7,0,3,1,5.6,2,66.1,48.1,1
3,1,7,3,2,1,7.5,2,62.2,61.0,0
11,3,8,1,5,3,0.9,2,71.0,72.3,1
7,4,10,3,0,2,4.2,2,56.0,58.0,0
9,1,4,4,1,3,1.9,2,60.0,73.6,1
6,5,3,0,3,2,5.5,2,56.6,41.2,0
10,5,3,2,5,1,3.9,2,73.0,71.6,1
1,0,5,4,5,3,4.5,3,65.4,65.1,1
7,0,1,0,2,4,3.2,3,66.4,54.3,0
3,4,10,0,0,2,0.6,2,39.0,33.9,0
5,4,3,2,4,1,2.4,2,59.4,62.4,1
10,3,6,1,5,0,12.5,3,94.1,83.5,1
4,2,3,4,1,2,8.3,2,61.4,70.0,1
10,0,5,2,2,2,0.1,2,67.0,55.1,1
5,4,9,2,5,4,0.5,2,62.5,53.0,1
5,0,2,1,5,2,0.4,3,60.4,42.0,0
6,4,2,4,2,2,3.9,1,58.0,68.2,1
10,1,6,2,2,4,5.1,4,62.5,71.5,1
10,0,6,1,3,4,0.7,2,69.7,67.4,1
11,1,8,4,5,3,2.1,2,73.5,71.3,1
6,0,2,3,4,1,5.5,2,56.6,64.4,1
8,2,9,0,1,1,4.0,2,57.8,62.7,1
8,3,2,1,0,3,2.3,3,61.2,56.1,0
11,5,1,0,0,1,2.7,4,51.7,62.2,0
9,5,10,3,4,2,2.1,2,61.8,64.0,1
8,5,2,2,2,3,1.1,4,60.0,57.8,0
11,1,7,2,2,3,2.5,3,76.4,73.7,1
2,4,8,4,2,1,3.5,2,55.7,68.2,1
10,5,5,1,5,0,6.2,2,87.8,57.9,1
11,2,6,1,2,1,3.0,2,70.0,57.6,1
1,5,1,4,2,0,4.3,2,47.4,53.2,0
10,0,6,0,5,3,0.5,1,75.3,56.3,1
2,1,8,2,5,0,1.9,2,49.3,43.8,0
2,0,3,2,4,2,0.0,1,43.6,38.2,0
3,0,1,1,3,4,0.8,3,43.4,33.9,0
10,0,4,1,5,0,3.9,3,81.9,61.2,1
7,3,1,4,1,4,14.4,2,69.5,93.2,1
2,3,8,3,2,2,0.3,2,50.9,46.7,0
1,4,5,0,3,4,1.5,2,47.9,40.0,0
6,1,1,3,0,2,4.8,2,62.1,55.8,1
9,2,8,3,4,4,0.7,2,59.2,74.3,1
3,2,9,1,3,4,2.4,2,49.0,41.4,0
6,2,10,1,5,1,4.0,2,69.4,59.0,1
3,0,2,1,2,0,2.9,1,48.3,45.3,0
1,3,9,3,2,4,0.6,1,28.2,40.3,0
5,1,8,0,2,3,1.3,1,44.7,47.9,0
10,0,7,1,3,1,4.6,3,64.7,71.0,1
11,3,3,2,2,0,2.4,4,61.6,87.7,1
4,3,2,0,5,1,0.0,2,60.4,44.5,0
7,5,7,2,3,0,4.3,2,66.4,66.6,1
6,5,5,0,2,2,0.1,2,54.3,53.2,0
10,1,6,1,0,4,4.1,2,75.2,69.6,1
7,1,4,4,0,3,0.7,2,58.5,62.5,0
5,1,2,1,1,1,9.5,2,67.6,65.4,1
4,0,9,3,2,1,1.4,3,41.9,59.0,0
7,4,3,3,2,1,1.2,2,57.5,69.9,0
7,1,7,0,3,1,0.5,3,60.4,37.8,0
6,5,8,3,3,4,1.1,1,54.8,44.2,0
8,4,2,1,2,0,6.3,2,77.3,74.2,1
4,0,6,2,1,4,16.0,1,70.6,70.2,1
10,4,8,1,2,2,1.4,2,56.7,49.4,1
5,2,7,0,5,4,1.8,2,55.2,33.5,0
4,4,3,3,3,4,3.8,2,70.8,70.0,1
1,1,1,2,2,2,6.5,2,49.5,57.4,0
8,0,6,4,3,4,2.7,2,51.7,63.3,1
1,1,8,2,2,0,1.5,2,40.8,36.9,0
5,5,6,2,4,3,1.6,3,47.4,52.8,1
6,2,5,1,3,2,3.6,2,66.6,60.9,0
6,5,8,4,1,1,0.0,2,39.0,57.0,0
5,1,2,0,4,0,2.9,2,51.9,42.2,0
3,1,1,0,5,3,1.3,3,56.1,47.8,0
5,1,1,2,2,0,4.7,2,64.8,57.9,0
8,3,4,2,5,0,0.3,2,65.1,56.2,1
2,2,6,3,3,1,2.7,2,43.3,54.4,0
6,1,9,4,4,3,2.0,2,62.2,47.6,1
9,1,1,2,5,0,3.1,2,69.1,68.4,1
8,5,1,3,1,1,0.2,3,62.2,63.7,0
11,5,5,4,3,2,2.6,3,75.7,66.5,1
8,1,10,0,4,1,2.5,1,63.1,40.9,1
8,0,5,3,5,4,2.5,2,73.5,61.0,1
7,3,5,4,4,1,2.8,2,66.2,67.8,1
8,5,10,3,4,1,3.4,2,75.9,68.6,1
6,0,6,2,5,1,4.9,3,72.5,72.8,1
2,3,8,1,0,0,0.9,2,44.1,41.5,0
2,1,3,0,2,3,5.2,2,60.2,34.6,0
8,2,9,2,3,1,2.1,2,63.3,59.0,1
11,4,1,2,3,1,0.2,3,62.4,55.8,0
1,4,4,4,3,4,0.2,2,46.2,45.6,0
6,1,9,3,4,4,1.2,2,57.9,67.6,1
6,5,8,0,5,2,4.6,2,71.2,56.5,1
11,0,10,2,2,2,3.7,2,70.1,66.1,1
4,2,9,4,1,4,4.7,4,55.7,66.5,1
11,3,1,0,3,3,2.2,2,62.8,56.0,0
11,1,9,3,5,2,1.7,2,77.4,51.8,1
10,2,3,2,2,3,0.5,2,55.0,54.2,1
3,2,10,2,2,4,1.2,3,54.2,49.9,0
11,5,9,2,0,2,1.7,2,67.5,73.0,1
3,3,1,0,5,1,0.3,2,56.6,50.0,0
1,2,1,0,3,4,0.7,2,47.7,36.2,0
3,5,9,0,4,2,2.7,2,54.4,51.9,0
4,0,6,0,2,3,4.0,2,51.2,51.6,0
11,5,4,4,2,3,16.0,3,88.1,98.0,1
11,0,7,1,1,2,8.1,2,85.8,83.3,1
5,0,5,4,0,3,3.1,1,52.0,65.5,1
3,2,10,2,2,2,1.6,4,41.0,55.0,0
6,5,7,4,2,2,3.0,2,47.5,59.6,0
11,0,8,3,4,3,4.6,2,67.5,59.3,1
5,3,8,0,4,0,0.4,2,54.3,47.7,0
3,2,1,3,1,1,1.6,2,54.1,53.5,0
6,5,8,3,5,4,5.5,2,62.8,59.3,1
6,5,6,2,1,1,1.5,3,61.4,45.8,0
8,4,4,0,1,4,2.5,3,60.0,55.5,0
2,5,8,3,4,4,2.7,2,56.3,55.3,1
1,2,3,2,5,1,0.6,2,53.4,44.2,0
4,3,4,0,4,2,1.3,1,59.4,35.3,0
7,5,6,1,0,3,1.2,1,49.8,47.6,0
11,4,7,2,3,0,0.1,2,52.8,69.3,1
10,2,4,4,3,0,0.1,2,61.1,69.6,1
3,0,4,0,0,0,5.3,4,44.3,54.5,0
3,1,7,3,3,1,1.0,3,52.4,47.5,0
5,1,6,3,5,1,2.2,2,63.1,62.1,0
5,0,8,4,4,2,1.1,2,56.0,58.1,1
10,5,1,4,3,0,8.5,2,87.7,79.2,1
3,1,10,3,5,2,0.9,4,51.6,56.1,1
9,1,7,0,4,0,1.7,2,54.0,48.6,0
4,0,7,2,5,1,6.2,1,66.3,58.7,1
3,5,7,4,0,3,5.5,2,57.0,62.7,1
11,5,7,4,1,3,0.6,3,64.3,71.8,1
2,0,10,4,0,3,4.9,3,44.6,64.7,1
10,5,10,1,3,3,1.8,1,68.7,65.8,1
11,5,8,0,4,4,2.0,3,83.2,64.2,1
9,2,9,0,5,0,0.4,2,62.7,53.8,0
4,2,9,0,3,3,0.3,1,51.9,53.4,0
3,0,2,0,3,4,3.9,3,59.0,54.8,0
7,3,7,0,1,4,2.1,3,57.5,57.6,0
8,1,7,3,3,4,1.7,2,61.2,68.9,1
11,2,4,4,1,2,3.9,2,65.0,74.3,1
2,1,9,3,4,2,4.4,3,54.2,53.0,0
7,4,8,1,4,4,0.5,3,64.4,56.4,1
5,0,1,2,5,3,2.8,3,65.6,61.9,1
11,3,2,4,1,0,0.4,2,74.9,78.5,1
5,4,2,1,0,1,4.2,4,43.0,57.6,0
3,4,8,3,4,2,3.2,4,67.0,67.8,1
5,5,1,2,5,3,9.4,1,71.4,65.5,1
2,4,4,1,0,3,0.2,3,39.2,46.0,0
4,0,10,2,4,1,0.2,2,59.2,53.6,0
6,2,5,1,4,1,1.0,2,64.8,53.4,1
